Vehicle Vin,Vehicle Make,Vehicle Model,Vehicle Trim Level,Vehicle Transmission Type,Vehicle Drive Type,Vehicle Type,Vehicle Year,Stock Number,Interior Color,Exterior Color,Engine,Cylinders,Cost,Wholesale,Retail,Mileage,Purchase Date,Comments,Inventory Type,Certified Pre Owned,Image URL,Option List,Total Cost,Down Payment,YouTube URL,Location Code,Market Value,Retail2,Other Price/Cost,Weekly Payment,Monthly Payment,Payment Details,Fuel Type,Interior Material,MSRP
2G1WB5EN5A1251679,CHEVROLET,IMPALA,LT,Automatic,FWD,Sedan,2010,4126,,WHITE,3.5L,6,    1500.00,       0.00,    1850.00,194189, 4/10/2024,,Used,No,https://cdn.frazerphotos.com/22489/22489_000004126_zdf5d54.jpg|https://cdn.frazerphotos.com/22489/22489_000004126_ib2axuu.jpg|https://cdn.frazerphotos.com/22489/22489_000004126_aig02xc.jpg|https://cdn.frazerphotos.com/22489/22489_000004126_q8mnsm2.jpg|https://cdn.frazerphotos.com/22489/22489_000004126_q7vnfbx.jpg|https://cdn.frazerphotos.com/22489/22489_000004126_smw6jo2.jpg|https://cdn.frazerphotos.com/22489/22489_000004126_3f9jlu8.jpg|https://cdn.frazerphotos.com/22489/22489_000004126_k07dyh5.jpg|https://cdn.frazerphotos.com/22489/22489_000004126_szq612f.jpg|https://cdn.frazerphotos.com/22489/22489_000004126_x96ephh.jpg|https://cdn.frazerphotos.com/22489/22489_4126_3936.jpg|https://cdn.frazerphotos.com/22489/22489_4126_3937.jpg|,Air Conditioning; Power Windows; Power Locks; Power Steering; Tilt Wheel; AM/FM CD/MP3; Satellite; AM/FM CD/DVD; Sentry Key; Keyless Entry; Alarm; Daytime Running Lights; Dual Airbags Front Head and Side; Active Seatbelts; Passenger Airbag Sensor; All Wheel ABS,    1790.62,       0.00,https://youtu.be/lwxjZE3cgGs?si=bWLycXDBWn8sQQgO,0,       0.00,    1850.00,     0,       0.00,       0.00,,Gasoline,,        
7LZBE1625PW114888,DARKHORSE,TRAILER,Enclosed,Automatic,,Boat,2023,4008,WHITE,WHITE,,0,    8390.00,       0.00,    8900.00,1000, 8/29/2023,,Used,No,https://cdn.frazerphotos.com/22489/22489_000004008_k0lsszn.jpg|https://cdn.frazerphotos.com/22489/22489_000004008_9ocknag.jpg|https://cdn.frazerphotos.com/22489/22489_000004008_55rlqx5.jpg|https://cdn.frazerphotos.com/22489/22489_000004008_dk5k3ib.jpg|https://cdn.frazerphotos.com/22489/22489_000004008_e1zgupj.jpg|https://cdn.frazerphotos.com/22489/22489_000004008_1hgekp0.jpg|https://cdn.frazerphotos.com/22489/22489_000004008_qywfoyw.jpg|https://cdn.frazerphotos.com/22489/22489_000004008_pc6uk2a.jpg|https://cdn.frazerphotos.com/22489/22489_000004008_k3vthb2.jpg|https://cdn.frazerphotos.com/22489/22489_000004008_dcpr1fo.jpg|https://cdn.frazerphotos.com/22489/22489_000004008_i7wniue.jpg|https://cdn.frazerphotos.com/22489/22489_000004008_a5nsryt.jpg|https://cdn.frazerphotos.com/22489/22489_000004008_shtyo9q.jpg|https://cdn.frazerphotos.com/22489/22489_000004008_5hrokmf.jpg|https://cdn.frazerphotos.com/22489/22489_000004008_2rot11e.jpg|https://cdn.frazerphotos.com/22489/22489_000004008_7bk4o20.jpg|https://cdn.frazerphotos.com/22489/22489_000004008_e4ur070.jpg|https://cdn.frazerphotos.com/22489/22489_000004008_2p2eeox.jpg|https://cdn.frazerphotos.com/22489/22489_000004008_o0p7m6z.jpg|,,    8410.23,       0.00,,0,       0.00,    8900.00,     0,       0.00,       0.00,,Other,,        
KNMAT2MV5HP520386,NISSAN,ROGUE,SV,Continuously Variable,AWD,Wagon,2017,4095,GRAY,WHITE,2.5L,4,    2600.00,       0.00,    3300.00,239966, 2/27/2024,,Used,No,https://cdn.frazerphotos.com/22489/22489_4095_3762.jpg|https://cdn.frazerphotos.com/22489/22489_4095_3763.jpg|https://cdn.frazerphotos.com/22489/22489_4095_3764.jpg|https://cdn.frazerphotos.com/22489/22489_4095_3765.jpg|https://cdn.frazerphotos.com/22489/22489_4095_3766.jpg|https://cdn.frazerphotos.com/22489/22489_4095_3767.jpg|https://cdn.frazerphotos.com/22489/22489_4095_3768.jpg|https://cdn.frazerphotos.com/22489/22489_4095_3942.jpg|https://cdn.frazerphotos.com/22489/22489_4095_3943.jpg|,Air Conditioning; Power Windows; Power Locks; Power Steering; Tilt Wheel; AM/FM CD/MP3; Satellite; Immobilizer; Keyless Entry; Alarm; Daytime Running Lights; Dual Front Airbags; Side Airbags; Head Airbags; Rear Head Airbags; Active Seatbelts; Sport Utility Cab; All Wheel ABS,    4599.94,       0.00,https://youtu.be/uD_mA2bG0Bc,0,       0.00,    3300.00,     0,       0.00,       0.00,,Gasoline,,        
WBY1Z4C56GV505741,BMW,I3,REX,Continuously Variable,RWD,Hatchback,2016,4043,,BLACK,0.7L,2,    6800.00,    6640.00,    6500.00,75687,10/24/2023,,Used,No,https://cdn.frazerphotos.com/22489/22489_4043_3013.jpg|https://cdn.frazerphotos.com/22489/22489_4043_3014.jpg|https://cdn.frazerphotos.com/22489/22489_4043_3015.jpg|https://cdn.frazerphotos.com/22489/22489_4043_3016.jpg|https://cdn.frazerphotos.com/22489/22489_4043_3017.jpg|https://cdn.frazerphotos.com/22489/22489_4043_3018.jpg|https://cdn.frazerphotos.com/22489/22489_4043_3019.jpg|https://cdn.frazerphotos.com/22489/22489_4043_3020.jpg|https://cdn.frazerphotos.com/22489/22489_4043_3021.jpg|https://cdn.frazerphotos.com/22489/22489_4043_3022.jpg|https://cdn.frazerphotos.com/22489/22489_4043_3023.jpg|https://cdn.frazerphotos.com/22489/22489_4043_3946.jpg|https://cdn.frazerphotos.com/22489/22489_4043_3024.jpg|https://cdn.frazerphotos.com/22489/22489_4043_3025.jpg|https://cdn.frazerphotos.com/22489/22489_4043_3026.jpg|https://cdn.frazerphotos.com/22489/22489_4043_3027.jpg|https://cdn.frazerphotos.com/22489/22489_4043_3944.jpg|https://cdn.frazerphotos.com/22489/22489_4043_3945.jpg|,Air Conditioning; Power Windows; Power Locks; Power Steering; Tilt Wheel; AM/FM CD/MP3; Satellite; Immobilizer; Keyless Entry; Daytime Running Lights; Dual Front Airbags; Side Airbags; Head Airbags; Rear Head Airbags; Active Seatbelts; All Wheel ABS; Power Sun/Moon Roof,    8194.12,       0.00,https://youtu.be/tOWVc8Wd9UA,0,    9430.00,    6500.00,     0,       0.00,       0.00,,Hybrid,,        
3C6UR5GL6FG511325,RAM,2500,LONGHORN,Automatic,4WD,Truck,2015,4089,BLACK,BLACK,6.7L,6,    8000.00,       0.00,   22500.00,544576, 2/20/2024,"PLEASE READ BEFORE YOU CALL OR COME IN!!! We only accept CASH payment. If there is no description here, check www.highlifeauto for updates.    Link to Video:    Good to Go:    Take a Look at:",Used,No,https://cdn.frazerphotos.com/22489/22489_000004089_pdsd3t6.jpg|https://cdn.frazerphotos.com/22489/22489_000004089_wpa5y1h.jpg|https://cdn.frazerphotos.com/22489/22489_000004089_7v1md5m.jpg|https://cdn.frazerphotos.com/22489/22489_000004089_z6jpr6l.jpg|https://cdn.frazerphotos.com/22489/22489_000004089_nkjlmam.jpg|https://cdn.frazerphotos.com/22489/22489_000004089_jevtzc2.jpg|https://cdn.frazerphotos.com/22489/22489_000004089_qtb7ea1.jpg|https://cdn.frazerphotos.com/22489/22489_000004089_zi8p3f6.jpg|https://cdn.frazerphotos.com/22489/22489_000004089_d33604e.jpg|https://cdn.frazerphotos.com/22489/22489_000004089_qvh9q06.jpg|https://cdn.frazerphotos.com/22489/22489_000004089_kfabbug.jpg|https://cdn.frazerphotos.com/22489/22489_000004089_8t1g3p5.jpg|https://cdn.frazerphotos.com/22489/22489_000004089_9ai8ij9.jpg|,Air Conditioning; Power Windows; Power Locks; Power Steering; Tilt Wheel; AM/FM CD/DVD; Satellite; Sentry Key; Keyless Entry; Alarm; Available; Dual Air Bags Front and Sides; Active Belts; Crew Cab; Regular Bed; All Wheel ABS; Power Sun/Moon Roof; 3/4 Ton,   14412.85,       0.00,,0,   20310.00,   22500.00,     0,       0.00,       0.00,,Diesel,,   64645
JN8AF5MR4ET353862,NISSAN,JUKE,S,Continuously Variable,FWD,SUV,2014,4099,,BLACK,1.6L,4,    2400.00,       0.00,    3500.00,172406, 2/28/2024,,Used,No,https://cdn.frazerphotos.com/22489/22489_000004099_wrw2iou.jpg|https://cdn.frazerphotos.com/22489/22489_000004099_bbatlaw.jpg|https://cdn.frazerphotos.com/22489/22489_000004099_8zhezrb.jpg|https://cdn.frazerphotos.com/22489/22489_000004099_1dvd4zv.jpg|https://cdn.frazerphotos.com/22489/22489_000004099_ao3jis6.jpg|https://cdn.frazerphotos.com/22489/22489_000004099_tdqea38.jpg|https://cdn.frazerphotos.com/22489/22489_000004099_zvc7v9n.jpg|https://cdn.frazerphotos.com/22489/22489_000004099_fa3mzed.jpg|https://cdn.frazerphotos.com/22489/22489_000004099_d23jtzz.jpg|https://cdn.frazerphotos.com/22489/22489_000004099_61weg44.jpg|https://cdn.frazerphotos.com/22489/22489_000004099_871o6b3.jpg|https://cdn.frazerphotos.com/22489/22489_000004099_xg6pkrp.jpg|https://cdn.frazerphotos.com/22489/22489_4099_3940.jpg|https://cdn.frazerphotos.com/22489/22489_4099_3941.jpg|,Air Conditioning; Power Windows; Power Locks; Power Steering; Tilt Wheel; AM/FM CD/MP3; Satellite; Immobilizer; Keyless Entry; Alarm; Dual Air Bags Front Head and Sides; Active Belts; All Wheel ABS,    4731.43,       0.00,https://youtu.be/twVJ-z0rMK4?si=oanG6H3CmbI3YFQX,0,       0.00,    3500.00,     0,       0.00,       0.00,,Gasoline,,        
1J4BA3H18BL539269,JEEP,WRANGLER UNLIMI,SPORT,Automatic,4WD,SUV,2011,3570,BLACK,BLACK,3.8L,6,   15400.00,       0.00,   20000.00,113712, 7/28/2021,,Used,No,https://cdn.frazerphotos.com/22489/22489_3570_3661.jpg|https://cdn.frazerphotos.com/22489/22489_3570_3662.jpg|https://cdn.frazerphotos.com/22489/22489_3570_3663.jpg|https://cdn.frazerphotos.com/22489/22489_3570_3664.jpg|https://cdn.frazerphotos.com/22489/22489_3570_3665.jpg|https://cdn.frazerphotos.com/22489/22489_3570_3666.jpg|https://cdn.frazerphotos.com/22489/22489_3570_3667.jpg|https://cdn.frazerphotos.com/22489/22489_3570_3668.jpg|https://cdn.frazerphotos.com/22489/22489_3570_3669.jpg|https://cdn.frazerphotos.com/22489/22489_3570_3670.jpg|https://cdn.frazerphotos.com/22489/22489_3570_3671.jpg|https://cdn.frazerphotos.com/22489/22489_3570_3672.jpg|https://cdn.frazerphotos.com/22489/22489_3570_3673.jpg|https://cdn.frazerphotos.com/22489/22489_3570_3674.jpg|https://cdn.frazerphotos.com/22489/22489_3570_3675.jpg|https://cdn.frazerphotos.com/22489/22489_3570_3676.jpg|https://cdn.frazerphotos.com/22489/22489_3570_3677.jpg|https://cdn.frazerphotos.com/22489/22489_3570_3678.jpg|https://cdn.frazerphotos.com/22489/22489_3570_3679.jpg|https://cdn.frazerphotos.com/22489/22489_3570_3680.jpg|,Air Conditioning; Available; Power Steering; Tilt Wheel; AM/FM CD/MP3; Satellite; AM/FM CD/DVD; Passive sentry key; Dual Front Airbags; Passenger Sensor; Active Belts; All Wheel ABS; Retractable Roof Panel,   20751.25,       0.00,https://youtu.be/p_FZ-3xXej8,0,       0.00,   20000.00,     0,       0.00,       0.00,,Gasoline,,        
SMK85788E191,SMOKER CRAFT,SUNCHASER,DECK BOAT,Automatic,,Boat,1991,3917,WHITE,WHITE,150,6,    4400.00,       0.00,    4500.00,1000, 2/20/2023, this is an awesome boat! tri-haul fiberglass bottom deck boat with a mercury 150hp outboaed fuel injected. easy to work on engine and very solid boat!,Used,No,https://cdn.frazerphotos.com/22489/22489_000003917_c3v4jjp.jpg|https://cdn.frazerphotos.com/22489/22489_000003917_q7987xq.jpg|https://cdn.frazerphotos.com/22489/22489_000003917_kaerml5.jpg|https://cdn.frazerphotos.com/22489/22489_000003917_9djd1hi.jpg|https://cdn.frazerphotos.com/22489/22489_000003917_6ow0n8r.jpg|https://cdn.frazerphotos.com/22489/22489_000003917_wlurtiy.jpg|https://cdn.frazerphotos.com/22489/22489_000003917_8fa885c.jpg|https://cdn.frazerphotos.com/22489/22489_000003917_ufguec1.jpg|https://cdn.frazerphotos.com/22489/22489_000003917_dy0twib.jpg|https://cdn.frazerphotos.com/22489/22489_3917_3750.jpg|https://cdn.frazerphotos.com/22489/22489_3917_3752.jpg|https://cdn.frazerphotos.com/22489/22489_3917_3753.jpg|https://cdn.frazerphotos.com/22489/22489_3917_3754.jpg|https://cdn.frazerphotos.com/22489/22489_3917_3755.jpg|https://cdn.frazerphotos.com/22489/22489_000003917_zb6bj3n.jpg|,,    4400.00,       0.00,https://youtu.be/kXeX5zOxTeI?si=bo5SuBkpAPMWXvsE,0,       0.00,    4500.00,     0,       0.00,       0.00,,Gasoline,,        
3D7MU48C64G122042,DODGE,RAM 3500,ST,Automatic,4WD,Truck,2004,1725,,WHITE,5.9L,6,    6000.00,       0.00,    6000.00,337402, 6/28/2016,,Used,No,https://cdn.frazerphotos.com/22489/22489_1725_2900.jpg|https://cdn.frazerphotos.com/22489/22489_1725_2899.jpg|https://cdn.frazerphotos.com/22489/22489_1725_2905.jpg|https://cdn.frazerphotos.com/22489/22489_1725_2897.jpg|https://cdn.frazerphotos.com/22489/22489_1725_2898.jpg|https://cdn.frazerphotos.com/22489/22489_1725_2907.jpg|https://cdn.frazerphotos.com/22489/22489_1725_2902.jpg|https://cdn.frazerphotos.com/22489/22489_1725_2901.jpg|https://cdn.frazerphotos.com/22489/22489_1725_2903.jpg|https://cdn.frazerphotos.com/22489/22489_1725_2904.jpg|https://cdn.frazerphotos.com/22489/22489_1725_2906.jpg|https://cdn.frazerphotos.com/22489/22489_1725_2896.jpg|https://cdn.frazerphotos.com/22489/22489_000001725_xxllvjx.jpg|https://cdn.frazerphotos.com/22489/22489_000001725_jbh175l.jpg|https://cdn.frazerphotos.com/22489/22489_000001725_xdvvfs4.jpg|https://cdn.frazerphotos.com/22489/22489_000001725_zi3m3zw.jpg|https://cdn.frazerphotos.com/22489/22489_000001725_wda1oi9.jpg|https://cdn.frazerphotos.com/22489/22489_000001725_gpxkhj4.jpg|https://cdn.frazerphotos.com/22489/22489_000001725_nwzlhjo.jpg|https://cdn.frazerphotos.com/22489/22489_000001725_m6b0pjb.jpg|https://cdn.frazerphotos.com/22489/22489_000001725_gud5kdc.jpg|,Air Conditioning; Power Windows; Power Locks; Power Steering; Tilt Wheel; AM/FM Cassette; AM/FM CD; Dual Front Air Bag; Active Belts; Crew Cab; Regular Bed; All Wheel ABS; 1 Ton,   15515.76,       0.00,,0,       0.00,    6000.00,     0,       0.00,       0.00,,Diesel,,        
1C4NJCBA0GD751810,JEEP,COMPASS,SPORT,Continuously Variable,FWD,SUV,2016,4227,BLACK,BLACK,2.0L,4,    2800.00,       0.00,    3750.00,190835,11/06/2024,,Used,No,https://cdn.frazerphotos.com/22489/22489_000004227_569c0mv.jpg|https://cdn.frazerphotos.com/22489/22489_000004227_sly7k83.jpg|https://cdn.frazerphotos.com/22489/22489_000004227_4trw442.jpg|https://cdn.frazerphotos.com/22489/22489_000004227_rpxziw6.jpg|https://cdn.frazerphotos.com/22489/22489_000004227_r4cpvhd.jpg|https://cdn.frazerphotos.com/22489/22489_000004227_y5dxn07.jpg|https://cdn.frazerphotos.com/22489/22489_000004227_bnmnqp7.jpg|https://cdn.frazerphotos.com/22489/22489_000004227_uy1szbd.jpg|https://cdn.frazerphotos.com/22489/22489_000004227_famxti4.jpg|https://cdn.frazerphotos.com/22489/22489_000004227_gi5t52b.jpg|https://cdn.frazerphotos.com/22489/22489_000004227_cbtd8gz.jpg|https://cdn.frazerphotos.com/22489/22489_000004227_u81cjsk.jpg|,Air Conditioning; Power Windows; Power Locks; Power Steering; Tilt Wheel; AM/FM CD/MP3; Satellite; Immobilizer; Keyless Entry; Available; Dual Airbags Front Head and Side; Active Seatbelts; Passenger Airbag Sensor; Dual Rear Side Airbag; All Wheel ABS,    3115.50,       0.00,,0,       0.00,    3750.00,     0,       0.00,       0.00,,Gasoline,,        
YV1RS592182700588,VOLVO,S60,2.5T,Automatic,FWD,Sedan,2008,4224,BLACK,SILVER,2.5L,5,    1100.00,    1372.00,    2300.00,233858,10/30/2024,,Used,No,https://cdn.frazerphotos.com/22489/22489_000004224_0uq3sf2.jpg|https://cdn.frazerphotos.com/22489/22489_000004224_4zntc2e.jpg|https://cdn.frazerphotos.com/22489/22489_000004224_i6pki30.jpg|https://cdn.frazerphotos.com/22489/22489_000004224_bm1elc9.jpg|https://cdn.frazerphotos.com/22489/22489_000004224_xpycbrd.jpg|https://cdn.frazerphotos.com/22489/22489_000004224_i8hbed3.jpg|https://cdn.frazerphotos.com/22489/22489_000004224_e3k0gl2.jpg|https://cdn.frazerphotos.com/22489/22489_000004224_pjvj6jj.jpg|https://cdn.frazerphotos.com/22489/22489_000004224_bkbif28.jpg|https://cdn.frazerphotos.com/22489/22489_000004224_hspxmsk.jpg|https://cdn.frazerphotos.com/22489/22489_000004224_z1dro3s.jpg|https://cdn.frazerphotos.com/22489/22489_4224_3924.jpg|https://cdn.frazerphotos.com/22489/22489_4224_3925.jpg|,Air Conditioning; Power Windows; Power Locks; Power Steering; Tilt Wheel; AM/FM CD/MP3; Satellite; Immobilizer; Keyless Entry; Alarm; Daytime Running Lights; Dual Airbags Front Head and Side; Active Seatbelts; Passenger Airbag Sensor; All Wheel ABS,    1547.91,       0.00,https://youtu.be/V8td3H6DwHs,0,    4267.00,    2300.00,     0,       0.00,       0.00,,Gasoline,,        
1FMZU77E22UC81375,FORD,EXPLORER,SPORT TRAC,Automatic,4WD,Mid-Size,2002,4258,GRAY,SILVER,4.0L,6,     500.00,    3462.00,    1900.00,185391, 3/05/2025,,Used,No,https://cdn.frazerphotos.com/22489/22489_000004258_qdafsx0.jpg|https://cdn.frazerphotos.com/22489/22489_000004258_b8gh9hk.jpg|https://cdn.frazerphotos.com/22489/22489_000004258_tvmurjt.jpg|https://cdn.frazerphotos.com/22489/22489_000004258_8y4eb53.jpg|https://cdn.frazerphotos.com/22489/22489_000004258_q5ll60o.jpg|https://cdn.frazerphotos.com/22489/22489_000004258_u3o6oo6.jpg|https://cdn.frazerphotos.com/22489/22489_000004258_bk5gkhx.jpg|https://cdn.frazerphotos.com/22489/22489_000004258_wnsor8f.jpg|https://cdn.frazerphotos.com/22489/22489_000004258_jyaql6f.jpg|https://cdn.frazerphotos.com/22489/22489_000004258_l2wg3kg.jpg|https://cdn.frazerphotos.com/22489/22489_000004258_17ca0in.jpg|https://cdn.frazerphotos.com/22489/22489_4258_3920.jpg|https://cdn.frazerphotos.com/22489/22489_4258_3921.jpg|,Air Conditioning; Power Windows; Power Locks; Power Steering; Tilt Wheel; AM/FM CD; Pass Key Security; Dual Front Air Bag; Active Belts; Sport Utility Cab; All Wheel ABS,    1100.00,       0.00,https://youtu.be/6q8uWp83gew,0,    5604.00,    1900.00,     0,       0.00,       0.00,,Gasoline,,        
2C3CDXCT9JH125046,DODGE,CHARGER,R/T,Automatic,RWD,Sedan,2018,4249,BLACK,BLACK,5.7L,8,    4500.00,    9935.00,    7500.00,195183, 1/14/2025,,Used,No,https://cdn.frazerphotos.com/22489/22489_000004249_fgyedbo.jpg|https://cdn.frazerphotos.com/22489/22489_000004249_85dz2rx.jpg|https://cdn.frazerphotos.com/22489/22489_000004249_ps5xpoe.jpg|https://cdn.frazerphotos.com/22489/22489_000004249_4jhw6xc.jpg|https://cdn.frazerphotos.com/22489/22489_000004249_106t5xe.jpg|https://cdn.frazerphotos.com/22489/22489_000004249_wothf61.jpg|https://cdn.frazerphotos.com/22489/22489_000004249_h0hqvg4.jpg|https://cdn.frazerphotos.com/22489/22489_000004249_d8fx413.jpg|https://cdn.frazerphotos.com/22489/22489_000004249_4r48pv6.jpg|https://cdn.frazerphotos.com/22489/22489_000004249_bj5bmte.jpg|https://cdn.frazerphotos.com/22489/22489_000004249_vnz7pq8.jpg|https://cdn.frazerphotos.com/22489/22489_4249_3922.jpg|https://cdn.frazerphotos.com/22489/22489_4249_3923.jpg|,Air Conditioning; Power Windows; Power Locks; Power Steering; Tilt Wheel; AM/FM CD/MP3; Satellite; Sentry Key; Keyless Entry; Alarm; Daytime Running Lights; Dual Front Airbags; Side Airbags; Head Airbags; Rear Head Airbags; Active Seatbelts; All Wheel ABS,    5825.55,       0.00,https://youtu.be/wJuaFkvSVlU,0,   12217.00,    7500.00,     0,       0.00,       0.00,,Gasoline,,        
4T1FA38P68U156554,TOYOTA,CAMRY SOLARA,SE,Automatic,FWD,Convertible,2008,4273,TAN,RED,3.3L,6,     800.00,    3029.00,    2000.00,192093, 4/23/2025,,Used,No,https://cdn.frazerphotos.com/22489/22489_000004273_lfhp2s7.jpg|https://cdn.frazerphotos.com/22489/22489_000004273_yui65x2.jpg|https://cdn.frazerphotos.com/22489/22489_000004273_x81vz40.jpg|https://cdn.frazerphotos.com/22489/22489_000004273_hwh1ltg.jpg|https://cdn.frazerphotos.com/22489/22489_000004273_r12mefm.jpg|https://cdn.frazerphotos.com/22489/22489_000004273_1vw0th2.jpg|https://cdn.frazerphotos.com/22489/22489_000004273_8acdgca.jpg|https://cdn.frazerphotos.com/22489/22489_000004273_azccefg.jpg|https://cdn.frazerphotos.com/22489/22489_000004273_b2ms7c1.jpg|https://cdn.frazerphotos.com/22489/22489_000004273_dymj3e3.jpg|https://cdn.frazerphotos.com/22489/22489_000004273_dyqox7w.jpg|https://cdn.frazerphotos.com/22489/22489_000004273_8lkihky.jpg|https://cdn.frazerphotos.com/22489/22489_000004273_sxbl68h.jpg|,Air Conditioning; Power Windows; Power Locks; Power Steering; Tilt Wheel; AM/FM CD/MP3; Satellite; Immobilizer; Keyless Entry; Daytime Running Lights; Dual Front Airbags; Side Airbags; Head Airbags; Rear Head Airbags; Active Seatbelts; All Wheel ABS,    1030.00,       0.00,https://youtu.be/-rM9WfMEngs,0,    6039.00,    2000.00,     0,       0.00,       0.00,,Gasoline,,        
LCELDUZ41K6004573,CF MOTO,600,,Automatic,,Mid-Size,2019,3759,BLACK,ORANGE,,0,    4200.00,       0.00,    3900.00,950, 5/31/2022,,Used,No,https://cdn.frazerphotos.com/22489/22489_3759_3486.jpg|https://cdn.frazerphotos.com/22489/22489_3759_3480.jpg|https://cdn.frazerphotos.com/22489/22489_3759_3479.jpg|https://cdn.frazerphotos.com/22489/22489_3759_3481.jpg|,,    5170.00,       0.00,,0,       0.00,    3900.00,     0,       0.00,       0.00,,Gasoline,,        
3JB1GAN45LK001064,CAN AM,MAVERICK,SIDE BY SIDE,Automatic,,Mid-Size,2020,4291,BLACK,BLACK,,0,    5150.00,       0.00,    8000.00,1275, 5/30/2025,,Used,No,https://cdn.frazerphotos.com/22489/22489_4291_3826.jpg|https://cdn.frazerphotos.com/22489/22489_4291_3827.jpg|https://cdn.frazerphotos.com/22489/22489_4291_3828.jpg|https://cdn.frazerphotos.com/22489/22489_4291_3829.jpg|https://cdn.frazerphotos.com/22489/22489_4291_3830.jpg|,,    5927.92,       0.00,,0,       0.00,    8000.00,     0,       0.00,       0.00,,Gasoline,,        
1N6AD0EV4BC400462,NISSAN,FRONTIER,S,Automatic,4WD,Pick-Up,2011,3979,,BLACK,4.0L,6,    4300.00,       0.00,    5000.00,141088, 5/25/2023,,Used,No,https://cdn.frazerphotos.com/22489/22489_000003979_thg9ggy.jpg|https://cdn.frazerphotos.com/22489/22489_000003979_kkg47xd.jpg|https://cdn.frazerphotos.com/22489/22489_000003979_5ohoxgg.jpg|https://cdn.frazerphotos.com/22489/22489_000003979_lsdryk3.jpg|https://cdn.frazerphotos.com/22489/22489_000003979_vryhbs6.jpg|https://cdn.frazerphotos.com/22489/22489_000003979_17nnpuw.jpg|https://cdn.frazerphotos.com/22489/22489_000003979_wup3dxj.jpg|https://cdn.frazerphotos.com/22489/22489_000003979_h36pid7.jpg|https://cdn.frazerphotos.com/22489/22489_000003979_l26acww.jpg|https://cdn.frazerphotos.com/22489/22489_000003979_yek2dyl.jpg|https://cdn.frazerphotos.com/22489/22489_000003979_lk5y3cg.jpg|https://cdn.frazerphotos.com/22489/22489_3979_3948.jpg|https://cdn.frazerphotos.com/22489/22489_3979_3947.jpg|,Tilt Wheel; Immobilizer; Keyless Entry; Dual Front Airbags; Side Airbags; Head Airbags; Rear Head Airbags; Active Seatbelts; Crew Cab; Regular Bed; All Wheel ABS,    4785.35,       0.00,https://youtu.be/M7P-RhESt6o?si=R8EEm7bC6ZXrhv4n,0,       0.00,    5000.00,     0,       0.00,       0.00,,Gasoline,,        
KL4CJFSB5DB105181,BUICK,ENCORE,CONVENIENCE,Automatic,AWD,SUV,2013,4310,BLACK,BLACK,1.4L,4,    1500.00,       0.00,    3000.00,181028, 7/24/2025,,Used,No,https://cdn.frazerphotos.com/22489/22489_000004310_cn3tetf.jpg|https://cdn.frazerphotos.com/22489/22489_000004310_9ht6pfx.jpg|https://cdn.frazerphotos.com/22489/22489_000004310_usm7cti.jpg|https://cdn.frazerphotos.com/22489/22489_000004310_8quztld.jpg|https://cdn.frazerphotos.com/22489/22489_000004310_t30xvxq.jpg|https://cdn.frazerphotos.com/22489/22489_000004310_9iy4ohv.jpg|https://cdn.frazerphotos.com/22489/22489_000004310_19dkjhl.jpg|https://cdn.frazerphotos.com/22489/22489_000004310_9ctkjv2.jpg|https://cdn.frazerphotos.com/22489/22489_000004310_dr7aaag.jpg|https://cdn.frazerphotos.com/22489/22489_000004310_1w38xk9.jpg|https://cdn.frazerphotos.com/22489/22489_000004310_f9hxq1x.jpg|https://cdn.frazerphotos.com/22489/22489_000004310_cab7ovg.jpg|https://cdn.frazerphotos.com/22489/22489_4310_3874.jpg|https://cdn.frazerphotos.com/22489/22489_4310_3875.jpg|,Air Conditioning; Power Windows; Power Locks; Power Steering; Tilt Wheel; AM/FM CD/MP3; Satellite; AM/FM CD/DVD; Sentry Key; Keyless Entry; Alarm; Daytime Running Lights; Dual Front Airbags; Side Airbags; Head Airbags; Rear Head Airbags; Active Seatbelts; All Wheel ABS,    1940.00,       0.00,https://youtu.be/Dxhl4pKS-Tw,0,       0.00,    3000.00,     0,       0.00,       0.00,,Gasoline,,        
1C3CCBCG8DN504463,CHRYSLER,200,LIMITED,Automatic,FWD,Sedan,2013,4323,BLACK,WHITE,3.6L,6,     600.00,       0.00,     950.00,200257, 8/13/2025,"If there is no description here, call/text Miriam 309-267-7200 or Matt 309-337-1049. We are likely working on getting it here as quickly as possible.",Used,No,https://cdn.frazerphotos.com/22489/22489_000004323_ye9o4u0.jpg|https://cdn.frazerphotos.com/22489/22489_000004323_yyhiims.jpg|https://cdn.frazerphotos.com/22489/22489_000004323_mgv9z0b.jpg|https://cdn.frazerphotos.com/22489/22489_000004323_iodatol.jpg|https://cdn.frazerphotos.com/22489/22489_000004323_ub3o73l.jpg|https://cdn.frazerphotos.com/22489/22489_000004323_6g8jbs6.jpg|https://cdn.frazerphotos.com/22489/22489_000004323_u2cm2vi.jpg|https://cdn.frazerphotos.com/22489/22489_000004323_bbnh916.jpg|https://cdn.frazerphotos.com/22489/22489_4323_3981.jpg|https://cdn.frazerphotos.com/22489/22489_4323_3982.jpg|,Air Conditioning; Power Windows; Power Locks; Power Steering; Tilt Wheel; AM/FM CD/DVD; Satellite; Sentry Key; Keyless Entry; Alarm; Available; Dual Front Airbags; Side Airbags; Head Airbags; Rear Head Airbags; Active Seatbelts; All Wheel ABS; Retractable Roof Panel,     785.00,       0.00,,0,       0.00,     950.00,     0,       0.00,       0.00,,Gasoline,,        
1J4BA3H17BL587586,JEEP,WRANGLER UNLIMI,SPORT,4-Speed Manual,4WD,SUV,2011,4329,,BLACK,3.8L,6,    6100.00,       0.00,    7500.00,193743, 8/21/2025,"If there is no description here, call/text Miriam 309-267-7200 or Matt 309-337-1049. We are likely working on getting it here as quickly as possible.",Used,No,https://cdn.frazerphotos.com/22489/22489_000004329_72umrsx.jpg|https://cdn.frazerphotos.com/22489/22489_000004329_zi5kvyo.jpg|https://cdn.frazerphotos.com/22489/22489_000004329_48k3gai.jpg|https://cdn.frazerphotos.com/22489/22489_000004329_2qr1i5e.jpg|https://cdn.frazerphotos.com/22489/22489_000004329_9h2dj3k.jpg|https://cdn.frazerphotos.com/22489/22489_000004329_syxayj8.jpg|https://cdn.frazerphotos.com/22489/22489_000004329_qqkvqmr.jpg|https://cdn.frazerphotos.com/22489/22489_000004329_qv2cxpw.jpg|https://cdn.frazerphotos.com/22489/22489_000004329_wock3iw.jpg|https://cdn.frazerphotos.com/22489/22489_000004329_zopg3sp.jpg|https://cdn.frazerphotos.com/22489/22489_000004329_jznyycz.jpg|https://cdn.frazerphotos.com/22489/22489_000004329_dqwy1ci.jpg|https://cdn.frazerphotos.com/22489/22489_4329_3852.jpg|https://cdn.frazerphotos.com/22489/22489_4329_3853.jpg|,Air Conditioning; Available; Power Steering; Tilt Wheel; AM/FM CD/MP3; Satellite; AM/FM CD/DVD; Passive sentry key; Dual Front Airbags; Passenger Sensor; Active Belts; All Wheel ABS; Retractable Roof Panel,    6505.00,       0.00,https://youtu.be/cf7VRuvmClk,0,       0.00,    7500.00,     0,       0.00,       0.00,,Gasoline,,        
1C4RJFLG8KC530010,JEEP,GRAND CHEROKEE,TRAILHAWK,Automatic,4WD,SUV,2019,4305,,BLACK,3.6L,6,    7900.00,       0.00,    9500.00,146139, 7/02/2025,,Used,No,https://cdn.frazerphotos.com/22489/22489_000004305_uau427p.jpg|https://cdn.frazerphotos.com/22489/22489_000004305_keq90cx.jpg|https://cdn.frazerphotos.com/22489/22489_000004305_rultvlm.jpg|https://cdn.frazerphotos.com/22489/22489_000004305_1vxtewx.jpg|https://cdn.frazerphotos.com/22489/22489_000004305_aqb9i57.jpg|https://cdn.frazerphotos.com/22489/22489_000004305_q6in7wp.jpg|https://cdn.frazerphotos.com/22489/22489_000004305_cbvps1f.jpg|https://cdn.frazerphotos.com/22489/22489_000004305_o2yp7nd.jpg|https://cdn.frazerphotos.com/22489/22489_000004305_a56ub93.jpg|https://cdn.frazerphotos.com/22489/22489_000004305_4wrbtbp.jpg|https://cdn.frazerphotos.com/22489/22489_000004305_krbr0uu.jpg|https://cdn.frazerphotos.com/22489/22489_4305_3886.jpg|https://cdn.frazerphotos.com/22489/22489_4305_3887.jpg|,Air Conditioning; Power Windows; Power Locks; Power Steering; Tilt Wheel; AM/FM CD/MP3; Satellite; Sentry Key; Keyless Entry; Alarm; Daytime Running Lights; Dual Airbags Front Head and Side; Active Seatbelts; Passenger Airbag Sensor; Dual Rear Side Airbag; All Wheel ABS,    8407.99,       0.00,https://youtu.be/q99ReHI1JKc,0,       0.00,    9500.00,     0,       0.00,       0.00,,Gasoline,,        
1J4GL58K84W175604,JEEP,LIBERTY,LIMITED,Automatic,4WD,SUV,2004,4321,TAN,BLACK,3.7L,6,     500.00,       0.00,    1350.00,224566, 8/06/2025,"If there is no description here, call/text Miriam 309-267-7200 or Matt 309-337-1049. We are likely working on getting it here as quickly as possible.",Used,No,https://cdn.frazerphotos.com/22489/22489_000004321_42pd0jp.jpg|https://cdn.frazerphotos.com/22489/22489_000004321_yddfdvl.jpg|https://cdn.frazerphotos.com/22489/22489_000004321_oz15l4n.jpg|https://cdn.frazerphotos.com/22489/22489_000004321_hkcmsnx.jpg|https://cdn.frazerphotos.com/22489/22489_000004321_mi58s1j.jpg|https://cdn.frazerphotos.com/22489/22489_000004321_8hab7ms.jpg|https://cdn.frazerphotos.com/22489/22489_000004321_mwe0zzc.jpg|https://cdn.frazerphotos.com/22489/22489_000004321_cqszza7.jpg|https://cdn.frazerphotos.com/22489/22489_000004321_sy828q3.jpg|https://cdn.frazerphotos.com/22489/22489_000004321_dlk82ko.jpg|https://cdn.frazerphotos.com/22489/22489_000004321_ktbuzsp.jpg|https://cdn.frazerphotos.com/22489/22489_000004321_0axubvp.jpg|https://cdn.frazerphotos.com/22489/22489_4321_3856.jpg|https://cdn.frazerphotos.com/22489/22489_4321_3857.jpg|,Air Conditioning; Power Windows; Power Locks; Power Steering; Tilt Wheel; AM/FM CD; Dual Front Air Bag; Active Belts; All Wheel ABS,     710.00,       0.00,https://youtu.be/RIUCFOA4Jt8,0,       0.00,    1350.00,     0,       0.00,       0.00,,Gasoline,,        
2CNFLEEW4A6206485,CHEVROLET,EQUINOX,LT,Automatic,AWD,SUV,2010,4337,GRAY,GRAY,2.4L,4,     550.00,       0.00,    1750.00,307342,10/01/2025,"If there is no description here, call/text Miriam 309-267-7200 or Matt 309-337-1049. We are likely working on getting it here as quickly as possible.",Used,No,https://cdn.frazerphotos.com/22489/22489_000004337_91mqcre.jpg|https://cdn.frazerphotos.com/22489/22489_000004337_24aphjc.jpg|https://cdn.frazerphotos.com/22489/22489_000004337_wwinii3.jpg|https://cdn.frazerphotos.com/22489/22489_000004337_4ce4ik4.jpg|https://cdn.frazerphotos.com/22489/22489_000004337_ymo2jwn.jpg|https://cdn.frazerphotos.com/22489/22489_000004337_italwsw.jpg|https://cdn.frazerphotos.com/22489/22489_000004337_jac065y.jpg|https://cdn.frazerphotos.com/22489/22489_000004337_5wnwy4n.jpg|https://cdn.frazerphotos.com/22489/22489_000004337_7qdv5lt.jpg|https://cdn.frazerphotos.com/22489/22489_000004337_bmoy4rn.jpg|https://cdn.frazerphotos.com/22489/22489_000004337_3nxg6os.jpg|https://cdn.frazerphotos.com/22489/22489_000004337_krekuaq.jpg|https://cdn.frazerphotos.com/22489/22489_4337_3916.jpg|https://cdn.frazerphotos.com/22489/22489_4337_3915.jpg|,Air Conditioning; Power Windows; Power Locks; Power Steering; Tilt Wheel; AM/FM CD/MP3; Satellite; AM/FM CD/DVD; Immobilizer; Keyless Entry; Alarm; Daytime Running Lights; Dual Airbags Front Head and Side; Active Seatbelts; Passenger Airbag Sensor; All Wheel ABS,     760.00,       0.00,https://youtu.be/LqPC7-I8bcg?si=8ZhGg_secwaAv4vJ,0,       0.00,    1750.00,     0,       0.00,       0.00,,Gasoline,,        
3GCPKSE31BG317050,CHEVROLET,SILVERADO 1500,LT,Automatic,4WD,Pick-Up,2011,4282,,GRAY,5.3L,8,    1200.00,       0.00,    4500.00,227795, 4/30/2025,,Used,No,https://cdn.frazerphotos.com/22489/22489_000004282_sm23x30.jpg|https://cdn.frazerphotos.com/22489/22489_000004282_z2zzeer.jpg|https://cdn.frazerphotos.com/22489/22489_000004282_wtpzyoa.jpg|https://cdn.frazerphotos.com/22489/22489_000004282_4pu9j1n.jpg|https://cdn.frazerphotos.com/22489/22489_000004282_gwo40fv.jpg|https://cdn.frazerphotos.com/22489/22489_000004282_p4dzusq.jpg|https://cdn.frazerphotos.com/22489/22489_000004282_iq31omn.jpg|https://cdn.frazerphotos.com/22489/22489_000004282_ozvrtah.jpg|https://cdn.frazerphotos.com/22489/22489_000004282_oem9ito.jpg|https://cdn.frazerphotos.com/22489/22489_000004282_sd0pzpv.jpg|https://cdn.frazerphotos.com/22489/22489_4282_3894.jpg|https://cdn.frazerphotos.com/22489/22489_4282_3895.jpg|,Air Conditioning; Power Windows; Power Locks; Power Steering; Tilt Wheel; AM/FM CD/MP3; Satellite; Active keyless entry; Daytime Running Lights; Dual Airbags Front Head and Side; Active Seatbelts; Passenger Airbag Sensor; Crew Cab; Short Bed; All Wheel ABS; 1/2 Ton,    2869.14,       0.00,https://youtu.be/cFActwcPORs,0,       0.00,    4500.00,     0,       0.00,       0.00,,Gasoline,,        
2C3CDXGJ7JH230452,DODGE,CHARGER,R/T 392,Automatic,RWD,Sedan,2018,4252,BLACK,RED,6.4L,8,    8600.00,       0.00,   23500.00,573, 1/16/2025,,Used,No,https://cdn.frazerphotos.com/22489/22489_000004252_3n67mgp.jpg|https://cdn.frazerphotos.com/22489/22489_000004252_ix642ns.jpg|https://cdn.frazerphotos.com/22489/22489_000004252_dj3bj8h.jpg|https://cdn.frazerphotos.com/22489/22489_000004252_o73docm.jpg|https://cdn.frazerphotos.com/22489/22489_000004252_c7ujfhn.jpg|https://cdn.frazerphotos.com/22489/22489_000004252_0uo8ajb.jpg|https://cdn.frazerphotos.com/22489/22489_000004252_bucapii.jpg|https://cdn.frazerphotos.com/22489/22489_000004252_9isg5hw.jpg|https://cdn.frazerphotos.com/22489/22489_000004252_gnglhg7.jpg|https://cdn.frazerphotos.com/22489/22489_000004252_hnemtzg.jpg|https://cdn.frazerphotos.com/22489/22489_000004252_92ajjkt.jpg|https://cdn.frazerphotos.com/22489/22489_000004252_zgyxcs4.jpg|https://cdn.frazerphotos.com/22489/22489_000004252_kab6gud.jpg|https://cdn.frazerphotos.com/22489/22489_000004252_5naaplm.jpg|https://cdn.frazerphotos.com/22489/22489_000004252_fy6kkg0.jpg|https://cdn.frazerphotos.com/22489/22489_000004252_q8c77ha.jpg|https://cdn.frazerphotos.com/22489/22489_000004252_ywqceky.jpg|https://cdn.frazerphotos.com/22489/22489_000004252_ctccbfw.jpg|https://cdn.frazerphotos.com/22489/22489_000004252_y55lqw2.jpg|https://cdn.frazerphotos.com/22489/22489_000004252_367hlu1.jpg|https://cdn.frazerphotos.com/22489/22489_000004252_r7a8npz.jpg|https://cdn.frazerphotos.com/22489/22489_000004252_l0fvs29.jpg|https://cdn.frazerphotos.com/22489/22489_000004252_tvmf5fs.jpg|https://cdn.frazerphotos.com/22489/22489_000004252_dkpfuoj.jpg|https://cdn.frazerphotos.com/22489/22489_000004252_5uldp79.jpg|https://cdn.frazerphotos.com/22489/22489_000004252_9zurr3q.jpg|https://cdn.frazerphotos.com/22489/22489_000004252_gdayt27.jpg|https://cdn.frazerphotos.com/22489/22489_000004252_ib9fb34.jpg|,Air Conditioning; Power Windows; Power Locks; Power Steering; Tilt Wheel; AM/FM CD/MP3; Satellite; Sentry Key; Keyless Entry; Alarm; Daytime Running Lights; Dual Front Airbags; Side Airbags; Head Airbags; Rear Head Airbags; Active Seatbelts; All Wheel ABS,   15026.95,       0.00,,0,       0.00,   23500.00,     0,       0.00,       0.00,,Gasoline,,        
2C4RC3BG8LR278357,CHRYSLER,PACIFICA,TOURING L,Automatic,AWD,Van,2020,4160,GRAY,GRAY,3.6L,6,    7000.00,       0.00,   13500.00,206000, 5/25/2024,,Used,No,https://cdn.frazerphotos.com/22489/22489_000004160_nom3r2g.jpg|https://cdn.frazerphotos.com/22489/22489_000004160_x4udfrr.jpg|https://cdn.frazerphotos.com/22489/22489_000004160_5ojclbl.jpg|https://cdn.frazerphotos.com/22489/22489_000004160_z59ax0s.jpg|https://cdn.frazerphotos.com/22489/22489_000004160_zmoa7ih.jpg|https://cdn.frazerphotos.com/22489/22489_000004160_vyzp67e.jpg|https://cdn.frazerphotos.com/22489/22489_000004160_uri4ouu.jpg|https://cdn.frazerphotos.com/22489/22489_000004160_k7n907e.jpg|https://cdn.frazerphotos.com/22489/22489_000004160_8auxgnk.jpg|https://cdn.frazerphotos.com/22489/22489_000004160_3w6j9dc.jpg|https://cdn.frazerphotos.com/22489/22489_000004160_mfwx9pz.jpg|https://cdn.frazerphotos.com/22489/22489_000004160_fch7lat.jpg|https://cdn.frazerphotos.com/22489/22489_000004160_hlkidh2.jpg|https://cdn.frazerphotos.com/22489/22489_000004160_vxqs7xz.jpg|https://cdn.frazerphotos.com/22489/22489_000004160_xycszng.jpg|https://cdn.frazerphotos.com/22489/22489_000004160_sbovwhb.jpg|https://cdn.frazerphotos.com/22489/22489_000004160_3tdywdt.jpg|,Air Conditioning; Power Windows; Power Locks; Power Steering; Tilt Wheel; AM/FM CD/MP3; Satellite; Sentry Key; Keyless Entry; Alarm; Daytime Running Lights; Dual Front Airbags; Side Airbags; Head Airbags; Rear Head Airbags; Active Seatbelts; All Wheel ABS,    8198.85,       0.00,https://youtu.be/ioeQF6_2XbU,0,       0.00,   13500.00,     0,       0.00,       0.00,,Gasoline,,        
1G6KY5294RU843489,CADILLAC,SEVILLE,STS,Automatic,FWD,Sedan,1994,4339,TAN,GREEN,4.6L,8,     400.00,       0.00,    1100.00,129467,10/08/2025,"If there is no description here, call/text Miriam 309-267-7200 or Matt 309-337-1049. We are likely working on getting it here as quickly as possible.",Used,No,https://cdn.frazerphotos.com/22489/22489_000004339_rcgaefc.jpg|https://cdn.frazerphotos.com/22489/22489_000004339_wrkujrq.jpg|https://cdn.frazerphotos.com/22489/22489_000004339_51uxbye.jpg|https://cdn.frazerphotos.com/22489/22489_000004339_5ha6yc4.jpg|https://cdn.frazerphotos.com/22489/22489_000004339_gqiyimz.jpg|https://cdn.frazerphotos.com/22489/22489_000004339_dfggmjg.jpg|https://cdn.frazerphotos.com/22489/22489_000004339_aigof8f.jpg|https://cdn.frazerphotos.com/22489/22489_000004339_xrokfgy.jpg|https://cdn.frazerphotos.com/22489/22489_000004339_sk8ijjh.jpg|https://cdn.frazerphotos.com/22489/22489_000004339_yxqeesq.jpg|https://cdn.frazerphotos.com/22489/22489_000004339_c9747l5.jpg|https://cdn.frazerphotos.com/22489/22489_4339_3910.jpg|https://cdn.frazerphotos.com/22489/22489_4339_3911.jpg|,Air Conditioning; Power Windows; Power Locks; Power Steering; Tilt Wheel; AM/FM Cassette; AM/FM CD; Pass Key Security; Dual Front Air Bag; Active Belts; All Wheel ABS,     600.00,       0.00,https://youtu.be/u7LgzbUijWI,0,       0.00,    1100.00,     0,       0.00,       0.00,,Gasoline,,        
2CKDL43F286034467,PONTIAC,TORRENT,AWD,Automatic,AWD,SUV,2008,4350,BLACK,WHITE,3.4L,6,     500.00,       0.00,    2000.00,188534,10/29/2025,"If there is no description here, call/text Miriam 309-267-7200 or Matt 309-337-1049. We are likely working on getting it here as quickly as possible.",Used,No,https://cdn.frazerphotos.com/22489/22489_000004350_s9zwfac.jpg|https://cdn.frazerphotos.com/22489/22489_000004350_igbaky5.jpg|https://cdn.frazerphotos.com/22489/22489_000004350_oowlpgc.jpg|https://cdn.frazerphotos.com/22489/22489_000004350_5wvmc7s.jpg|https://cdn.frazerphotos.com/22489/22489_000004350_edhyb88.jpg|https://cdn.frazerphotos.com/22489/22489_000004350_729js2q.jpg|https://cdn.frazerphotos.com/22489/22489_000004350_tco2q0j.jpg|https://cdn.frazerphotos.com/22489/22489_000004350_pkw0u93.jpg|https://cdn.frazerphotos.com/22489/22489_000004350_nfd6eq2.jpg|https://cdn.frazerphotos.com/22489/22489_000004350_r2ttju1.jpg|https://cdn.frazerphotos.com/22489/22489_000004350_a9r4zvg.jpg|https://cdn.frazerphotos.com/22489/22489_000004350_0cjx253.jpg|https://cdn.frazerphotos.com/22489/22489_000004350_6epncdb.jpg|https://cdn.frazerphotos.com/22489/22489_000004350_o3o4yuh.jpg|https://cdn.frazerphotos.com/22489/22489_4350_3963.jpg|https://cdn.frazerphotos.com/22489/22489_4350_3964.jpg|,Air Conditioning; Power Windows; Power Locks; Power Steering; Tilt Wheel; AM/FM CD/MP3; Satellite; AM/FM CD/DVD; Keyless Entry; Alarm; Daytime Running Lights; Dual Front Airbags; Passenger Sensor; Active Belts; All Wheel ABS,     710.00,       0.00,https://youtu.be/ENTP_qYs_AA,0,       0.00,    2000.00,     0,       0.00,       0.00,,Gasoline,,        
1FTFW1ET9CKE21242,FORD,F150,SUPERCREW,Automatic,4WD,Truck,2012,4348,TAN,SILVER,3.5L,6,    3000.00,       0.00,    4700.00,190887,10/29/2025,"If there is no description here, call/text Miriam 309-267-7200 or Matt 309-337-1049. We are likely working on getting it here as quickly as possible.",Used,No,https://cdn.frazerphotos.com/22489/22489_000004348_eu4cpfe.jpg|https://cdn.frazerphotos.com/22489/22489_000004348_zk5aymd.jpg|https://cdn.frazerphotos.com/22489/22489_000004348_6uzxt4j.jpg|https://cdn.frazerphotos.com/22489/22489_000004348_70lg1e3.jpg|https://cdn.frazerphotos.com/22489/22489_000004348_qxf47u1.jpg|https://cdn.frazerphotos.com/22489/22489_000004348_3cjducj.jpg|https://cdn.frazerphotos.com/22489/22489_000004348_fhppjde.jpg|https://cdn.frazerphotos.com/22489/22489_000004348_s9r0hdm.jpg|https://cdn.frazerphotos.com/22489/22489_000004348_174knm7.jpg|https://cdn.frazerphotos.com/22489/22489_000004348_myz0nfa.jpg|https://cdn.frazerphotos.com/22489/22489_000004348_vmpv7dn.jpg|https://cdn.frazerphotos.com/22489/22489_000004348_s3i4r82.jpg|https://cdn.frazerphotos.com/22489/22489_4348_3959.jpg|https://cdn.frazerphotos.com/22489/22489_4348_3960.jpg|,Air Conditioning; Power Windows; Power Locks; Power Steering; Tilt Wheel; AM/FM; AM/FM CD/MP3; Satellite; Sentry Key; Keyless Entry; Alarm; Available; Dual Front Airbags; Side Airbags; Head Airbags; Rear Head Airbags; Active Seatbelts; Crew Cab; Regular Bed; All Wheel ABS; 1/2 Ton,    3305.00,       0.00,https://youtu.be/Oui-386JdSM,0,       0.00,    4700.00,     0,       0.00,       0.00,,Gasoline,,        
1FMJK2A52AEA64187,FORD,EXPEDITION,EL LIMITED,Automatic,4WD,SUV,2010,4353,BLACK,BLACK,5.4L,8,    1600.00,       0.00,    3500.00,220782,11/05/2025,"If there is no description here, call/text Miriam 309-267-7200 or Matt 309-337-1049. We are likely working on getting it here as quickly as possible.",Used,No,https://cdn.frazerphotos.com/22489/22489_000004353_gi9gjp2.jpg|https://cdn.frazerphotos.com/22489/22489_000004353_5ot96p7.jpg|https://cdn.frazerphotos.com/22489/22489_000004353_e6le1j9.jpg|https://cdn.frazerphotos.com/22489/22489_000004353_cvvfkrx.jpg|https://cdn.frazerphotos.com/22489/22489_000004353_3hkq6tt.jpg|https://cdn.frazerphotos.com/22489/22489_000004353_q9flq50.jpg|https://cdn.frazerphotos.com/22489/22489_000004353_qkebbo7.jpg|https://cdn.frazerphotos.com/22489/22489_000004353_2s94vs9.jpg|https://cdn.frazerphotos.com/22489/22489_000004353_fi0hkix.jpg|https://cdn.frazerphotos.com/22489/22489_000004353_0jseixl.jpg|https://cdn.frazerphotos.com/22489/22489_000004353_p7af94j.jpg|https://cdn.frazerphotos.com/22489/22489_000004353_vp264op.jpg|https://cdn.frazerphotos.com/22489/22489_000004353_qv3adk3.jpg|https://cdn.frazerphotos.com/22489/22489_000004353_8wmzzjc.jpg|https://cdn.frazerphotos.com/22489/22489_000004353_wszdkel.jpg|https://cdn.frazerphotos.com/22489/22489_000004353_e7ce7kk.jpg|https://cdn.frazerphotos.com/22489/22489_000004353_a72x8n4.jpg|https://cdn.frazerphotos.com/22489/22489_4353_3951.jpg|https://cdn.frazerphotos.com/22489/22489_4353_3952.jpg|,Air Conditioning; Power Windows; Power Locks; Power Steering; Tilt Wheel; AM/FM CD/MP3; AM/FM CD/DVD; Satellite; Immobilizer; Keyless Entry; Alarm; Available; Dual Front Airbags; Side Airbags; Head Airbags; Rear Head Airbags; Active Seatbelts; All Wheel ABS,    1920.00,       0.00,https://youtu.be/i-5WEVJfn90,0,       0.00,    3500.00,     0,       0.00,       0.00,,Gasoline,,        
4A3AB36F58E014953,MITSUBISHI,GALANT,ES,Automatic,FWD,Sedan,2008,4351,GRAY,GRAY,2.4L,4,     900.00,       0.00,    1800.00,250429,10/31/2025,"If there is no description here, call/text Miriam 309-267-7200 or Matt 309-337-1049. We are likely working on getting it here as quickly as possible.",Used,No,https://cdn.frazerphotos.com/22489/22489_000004351_9pzqf4v.jpg|https://cdn.frazerphotos.com/22489/22489_000004351_mddpme3.jpg|https://cdn.frazerphotos.com/22489/22489_000004351_13grcz8.jpg|https://cdn.frazerphotos.com/22489/22489_000004351_9j1tfxc.jpg|https://cdn.frazerphotos.com/22489/22489_000004351_5mr2nd4.jpg|https://cdn.frazerphotos.com/22489/22489_000004351_vm1y4jc.jpg|https://cdn.frazerphotos.com/22489/22489_000004351_py6n9p2.jpg|https://cdn.frazerphotos.com/22489/22489_000004351_41ayby1.jpg|https://cdn.frazerphotos.com/22489/22489_000004351_s9ca4jx.jpg|https://cdn.frazerphotos.com/22489/22489_000004351_4oki0ou.jpg|https://cdn.frazerphotos.com/22489/22489_000004351_2rkv3t4.jpg|https://cdn.frazerphotos.com/22489/22489_4351_3961.jpg|https://cdn.frazerphotos.com/22489/22489_4351_3962.jpg|,Air Conditioning; Power Windows; Power Locks; Power Steering; Tilt Wheel; AM/FM CD/MP3; Satellite; Immobilizer; Keyless Entry; Available; Dual Front Airbags; Side Airbags; Head Airbags; Rear Head Airbags; Active Seatbelts; All Wheel ABS,    1080.00,       0.00,https://youtu.be/Rx6xdLwyhU8,0,       0.00,    1800.00,     0,       0.00,       0.00,,Gasoline,,        
1G2ZK57K194228248,PONTIAC,G6,GT,Automatic,FWD,Sedan,2009,4349,GRAY,WHITE,3.5L,6,     900.00,       0.00,    2000.00,170998,10/29/2025,"If there is no description here, call/text Miriam 309-267-7200 or Matt 309-337-1049. We are likely working on getting it here as quickly as possible.",Used,No,https://cdn.frazerphotos.com/22489/22489_000004349_oo0x2mb.jpg|https://cdn.frazerphotos.com/22489/22489_000004349_ryqb5nt.jpg|https://cdn.frazerphotos.com/22489/22489_000004349_b0792d1.jpg|https://cdn.frazerphotos.com/22489/22489_000004349_31mifbf.jpg|https://cdn.frazerphotos.com/22489/22489_000004349_i33ieo1.jpg|https://cdn.frazerphotos.com/22489/22489_000004349_ww4dwuo.jpg|https://cdn.frazerphotos.com/22489/22489_000004349_sarwonz.jpg|https://cdn.frazerphotos.com/22489/22489_000004349_33kw1wi.jpg|https://cdn.frazerphotos.com/22489/22489_000004349_0w72ptl.jpg|https://cdn.frazerphotos.com/22489/22489_000004349_g2ssnoe.jpg|https://cdn.frazerphotos.com/22489/22489_000004349_iy9brul.jpg|https://cdn.frazerphotos.com/22489/22489_4349_3957.jpg|https://cdn.frazerphotos.com/22489/22489_4349_3958.jpg|,Air Conditioning; Power Windows; Power Locks; Power Steering; Tilt Wheel; AM/FM CD; AM/FM CD/MP3; Satellite; Sentry Key; Keyless Entry; Daytime Running Lights; Dual Airbags Front Head and Side; Active Seatbelts; Passenger Airbag Sensor; All Wheel ABS,    1155.00,       0.00,https://youtu.be/a70NPNwSuiU,0,       0.00,    2000.00,     0,       0.00,       0.00,,Gasoline,,        
1FTRX14W37KB64185,FORD,F150,XLT,Automatic,4WD,Truck,2007,4347,GRAY,BLACK,4.6L,8,     700.00,       0.00,    1800.00,187577,10/23/2025,"If there is no description here, call/text Miriam 309-267-7200 or Matt 309-337-1049. We are likely working on getting it here as quickly as possible.",Used,No,https://cdn.frazerphotos.com/22489/22489_000004347_iq6kqa6.jpg|https://cdn.frazerphotos.com/22489/22489_000004347_0oa0rm5.jpg|https://cdn.frazerphotos.com/22489/22489_000004347_ikccy59.jpg|https://cdn.frazerphotos.com/22489/22489_000004347_il03gu5.jpg|https://cdn.frazerphotos.com/22489/22489_000004347_fozdths.jpg|https://cdn.frazerphotos.com/22489/22489_000004347_v22rilt.jpg|https://cdn.frazerphotos.com/22489/22489_000004347_d2xyvoj.jpg|https://cdn.frazerphotos.com/22489/22489_000004347_ldylltu.jpg|https://cdn.frazerphotos.com/22489/22489_000004347_164e7y0.jpg|https://cdn.frazerphotos.com/22489/22489_000004347_yj3qzua.jpg|https://cdn.frazerphotos.com/22489/22489_000004347_rgdjkls.jpg|https://cdn.frazerphotos.com/22489/22489_4347_3969.jpg|https://cdn.frazerphotos.com/22489/22489_4347_3970.jpg|,Air Conditioning; Power Windows; Power Locks; Power Steering; Tilt Wheel; AM/FM CD/MP3; AM/FM CD/DVD; Satellite; Immobilizer; Keyless Entry; Available; Dual Front Air Bag; Active Belts; Extended Cab; Regular Bed; All Wheel ABS; 1/2 Ton,     945.00,       0.00,https://youtu.be/6B7RzV6WY0I?si=WFIR3qMZsuLRBY1W,0,       0.00,    1800.00,     0,       0.00,       0.00,,Gasoline,,        
1FTFW1EV7AFD09143,FORD,F150,SUPERCREW,Automatic,4WD,Pick-Up,2010,4208,GRAY,RED,5.4L,8,    2500.00,   10409.00,    3750.00,107835,10/09/2024,,Used,No,https://cdn.frazerphotos.com/22489/22489_000004208_eiohg83.jpg|https://cdn.frazerphotos.com/22489/22489_000004208_u50z3rx.jpg|https://cdn.frazerphotos.com/22489/22489_000004208_2wlnxdf.jpg|https://cdn.frazerphotos.com/22489/22489_000004208_liqpsyo.jpg|https://cdn.frazerphotos.com/22489/22489_000004208_wf32vrk.jpg|https://cdn.frazerphotos.com/22489/22489_000004208_8k18zyo.jpg|https://cdn.frazerphotos.com/22489/22489_000004208_zbyy893.jpg|https://cdn.frazerphotos.com/22489/22489_4208_3932.jpg|https://cdn.frazerphotos.com/22489/22489_4208_3933.jpg|,Air Conditioning; Available; Power Steering; Tilt Wheel; AM/FM; AM/FM CD/MP3; Satellite; Immobilizer; Keyless Entry; Available; Dual Front Airbags; Side Airbags; Head Airbags; Rear Head Airbags; Active Seatbelts; Crew Cab; Regular Bed; All Wheel ABS; 1/2 Ton,    2828.24,       0.00,https://youtu.be/CyQg3OJstr4?si=A4cOzKZXL-wkWm3-,0,   13263.00,    3750.00,     0,       0.00,       0.00,,Gasoline,,        
1FMJK2A51AEB07899,FORD,EXPEDITION,EL LIMITED,Automatic,4WD,SUV,2010,4355,GRAY,BLACK,5.4L,8,    2500.00,       0.00,    3800.00,196025,11/19/2025,"If there is no description here, call/text Miriam 309-267-7200 or Matt 309-337-1049. We are likely working on getting it here as quickly as possible.",Used,No,https://cdn.frazerphotos.com/22489/22489_000004355_grvbi9d.jpg|https://cdn.frazerphotos.com/22489/22489_000004355_qltsqy4.jpg|https://cdn.frazerphotos.com/22489/22489_000004355_9pmhin1.jpg|https://cdn.frazerphotos.com/22489/22489_000004355_7ctgrmu.jpg|https://cdn.frazerphotos.com/22489/22489_000004355_cz5q7mq.jpg|https://cdn.frazerphotos.com/22489/22489_000004355_24qksva.jpg|https://cdn.frazerphotos.com/22489/22489_000004355_nxe51ii.jpg|https://cdn.frazerphotos.com/22489/22489_000004355_duvfjvc.jpg|https://cdn.frazerphotos.com/22489/22489_000004355_05gaxuq.jpg|https://cdn.frazerphotos.com/22489/22489_000004355_c9zcuac.jpg|https://cdn.frazerphotos.com/22489/22489_000004355_nvbasg4.jpg|https://cdn.frazerphotos.com/22489/22489_000004355_67fa30z.jpg|https://cdn.frazerphotos.com/22489/22489_000004355_8iw145o.jpg|https://cdn.frazerphotos.com/22489/22489_000004355_ip13u9i.jpg|https://cdn.frazerphotos.com/22489/22489_000004355_hzl214h.jpg|https://cdn.frazerphotos.com/22489/22489_4355_3949.jpg|https://cdn.frazerphotos.com/22489/22489_4355_3950.jpg|,Air Conditioning; Power Windows; Power Locks; Power Steering; Tilt Wheel; AM/FM CD/MP3; AM/FM CD/DVD; Satellite; Immobilizer; Keyless Entry; Alarm; Available; Dual Front Airbags; Side Airbags; Head Airbags; Rear Head Airbags; Active Seatbelts; All Wheel ABS,    2760.00,       0.00,https://youtu.be/YHvCFszzv1A,0,       0.00,    3800.00,     0,       0.00,       0.00,,Gasoline,,        
1G1PC5SB0E7186910,CHEVROLET,CRUZE,LT,Automatic,FWD,Sedan,2014,4354,,BLUE,1.4L,4,     500.00,       0.00,    2000.00,162459,11/19/2025,"If there is no description here, call/text Miriam 309-267-7200 or Matt 309-337-1049. We are likely working on getting it here as quickly as possible.",Used,No,https://cdn.frazerphotos.com/22489/22489_000004354_r3s662y.jpg|https://cdn.frazerphotos.com/22489/22489_000004354_9hjjcxs.jpg|https://cdn.frazerphotos.com/22489/22489_000004354_d9of55d.jpg|https://cdn.frazerphotos.com/22489/22489_000004354_e96duj2.jpg|https://cdn.frazerphotos.com/22489/22489_000004354_iju83kl.jpg|https://cdn.frazerphotos.com/22489/22489_000004354_wrl77w3.jpg|https://cdn.frazerphotos.com/22489/22489_000004354_kt26laf.jpg|https://cdn.frazerphotos.com/22489/22489_000004354_eug8f2s.jpg|https://cdn.frazerphotos.com/22489/22489_000004354_97xj620.jpg|https://cdn.frazerphotos.com/22489/22489_000004354_jg64ky7.jpg|https://cdn.frazerphotos.com/22489/22489_000004354_8vp9ygv.jpg|https://cdn.frazerphotos.com/22489/22489_4354_3967.jpg|https://cdn.frazerphotos.com/22489/22489_4354_3968.jpg|https://cdn.frazerphotos.com/22489/22489_000004354_ngvu3fi.jpg|,Long Conventional Cab,     625.00,       0.00,https://youtu.be/p6nQjJNlaf8,0,       0.00,    2000.00,     0,       0.00,       0.00,,Gasoline,,        
5NPEU46F36H029758,HYUNDAI,SONATA,GLS,Automatic,FWD,Sedan,2006,4359,TAN,MAROON,3.3L,6,     700.00,       0.00,    2500.00,188516,11/25/2025,"If there is no description here, call/text Miriam 309-267-7200 or Matt 309-337-1049. We are likely working on getting it here as quickly as possible.",Used,No,https://cdn.frazerphotos.com/22489/22489_000004359_xkv8ewe.jpg|https://cdn.frazerphotos.com/22489/22489_000004359_rqasngi.jpg|https://cdn.frazerphotos.com/22489/22489_000004359_q239ngj.jpg|https://cdn.frazerphotos.com/22489/22489_000004359_81lhogz.jpg|https://cdn.frazerphotos.com/22489/22489_000004359_pzhnko4.jpg|https://cdn.frazerphotos.com/22489/22489_000004359_4q4g8tx.jpg|https://cdn.frazerphotos.com/22489/22489_000004359_z6zfwxv.jpg|https://cdn.frazerphotos.com/22489/22489_000004359_lv4u9a3.jpg|https://cdn.frazerphotos.com/22489/22489_000004359_qix70on.jpg|https://cdn.frazerphotos.com/22489/22489_000004359_48gsrmc.jpg|https://cdn.frazerphotos.com/22489/22489_000004359_s11rn01.jpg|https://cdn.frazerphotos.com/22489/22489_000004359_ahoxz04.jpg|https://cdn.frazerphotos.com/22489/22489_4359_3965.jpg|https://cdn.frazerphotos.com/22489/22489_4359_3966.jpg|,Air Conditioning; Power Windows; Power Locks; Power Steering; Tilt Wheel; AM/FM CD; Dual Air Bags Front and Sides; Active Belts; All Wheel ABS,     885.00,       0.00,https://youtu.be/hVdMhWeTrMA,0,       0.00,    2500.00,     0,       0.00,       0.00,,Gasoline,,        
3C63R3DJ7FG565042,RAM,3500,SLT,Automatic,4WD,Truck,2015,4369,BLACK,YELLOW,6.4L,8,    3200.00,       0.00,    5500.00,221686,12/23/2025,"If there is no description here, call/text Miriam 309-267-7200 or Matt 309-337-1049. We are likely working on getting it here as quickly as possible.",Used,No,https://cdn.frazerphotos.com/22489/22489_000004369_fx7e494.jpg|https://cdn.frazerphotos.com/22489/22489_000004369_ua7v3jq.jpg|https://cdn.frazerphotos.com/22489/22489_000004369_3fwyxdn.jpg|https://cdn.frazerphotos.com/22489/22489_000004369_tj5mxkr.jpg|https://cdn.frazerphotos.com/22489/22489_000004369_h8v6uvy.jpg|https://cdn.frazerphotos.com/22489/22489_000004369_6nghblh.jpg|https://cdn.frazerphotos.com/22489/22489_000004369_5b3p8au.jpg|https://cdn.frazerphotos.com/22489/22489_000004369_s7ign87.jpg|https://cdn.frazerphotos.com/22489/22489_000004369_ucfvimq.jpg|https://cdn.frazerphotos.com/22489/22489_000004369_o0ko82e.jpg|https://cdn.frazerphotos.com/22489/22489_000004369_56zwrqi.jpg|https://cdn.frazerphotos.com/22489/22489_000004369_qvanqm3.jpg|https://cdn.frazerphotos.com/22489/22489_4369_3971.jpg|https://cdn.frazerphotos.com/22489/22489_4369_3972.jpg|,Air Conditioning; Power Windows; Power Locks; Power Steering; Tilt Wheel; AM/FM CD/MP3; Satellite; AM/FM CD/DVD; Sentry Key; Keyless Entry; Available; Dual Air Bags Front and Sides; Active Belts; Crew Cab; Regular Bed; All Wheel ABS; 1 Ton,    3470.00,       0.00,https://youtu.be/in2SafVRfDo,0,       0.00,    5500.00,     0,       0.00,       0.00,,Gasoline,,        
1FTPW14V66KC58545,FORD,F150,SUPERCREW,Automatic,4WD,Truck,2006,4361,TAN,GREEN,5.4L,8,    1000.00,       0.00,    2000.00,166290,12/09/2025,"If there is no description here, call/text Miriam 309-267-7200 or Matt 309-337-1049. We are likely working on getting it here as quickly as possible.",Used,No,https://cdn.frazerphotos.com/22489/22489_000004361_lcqewf2.jpg|https://cdn.frazerphotos.com/22489/22489_000004361_gqqe18p.jpg|https://cdn.frazerphotos.com/22489/22489_000004361_dbo89dv.jpg|https://cdn.frazerphotos.com/22489/22489_000004361_b3wnflt.jpg|https://cdn.frazerphotos.com/22489/22489_000004361_ommcyqo.jpg|https://cdn.frazerphotos.com/22489/22489_000004361_wn748mv.jpg|https://cdn.frazerphotos.com/22489/22489_000004361_lcemcm0.jpg|https://cdn.frazerphotos.com/22489/22489_000004361_1ocpiop.jpg|https://cdn.frazerphotos.com/22489/22489_000004361_9kmlbfj.jpg|https://cdn.frazerphotos.com/22489/22489_000004361_wcqsnh6.jpg|https://cdn.frazerphotos.com/22489/22489_000004361_3zredw3.jpg|https://cdn.frazerphotos.com/22489/22489_000004361_xgtuyj0.jpg|https://cdn.frazerphotos.com/22489/22489_4361_3973.jpg|https://cdn.frazerphotos.com/22489/22489_4361_3974.jpg|,Air Conditioning; Power Windows; Power Locks; Power Steering; Tilt Wheel; AM/FM CD; AM/FM Cassette/CD; AM/FM CD/MP3; Immobilizer; Keyless Entry; Available; Dual Front Air Bag; Active Belts; Crew Cab; Regular Bed; All Wheel ABS; 1/2 Ton,    1275.00,       0.00,https://youtu.be/iVsC5pcitB0,0,       0.00,    2000.00,     0,       0.00,       0.00,,Gasoline,,        
2CNDL63FX66097571,CHEVROLET,EQUINOX,LT,Automatic,FWD,SUV,2006,4362,GRAY,BLACK,3.4L,6,     500.00,       0.00,    1700.00,243814,12/09/2025,"If there is no description here, call/text Miriam 309-267-7200 or Matt 309-337-1049. We are likely working on getting it here as quickly as possible.",Used,No,https://cdn.frazerphotos.com/22489/22489_000004362_kcvllau.jpg|https://cdn.frazerphotos.com/22489/22489_000004362_v76gahn.jpg|https://cdn.frazerphotos.com/22489/22489_000004362_3m06304.jpg|https://cdn.frazerphotos.com/22489/22489_000004362_otlweul.jpg|https://cdn.frazerphotos.com/22489/22489_000004362_tpb215j.jpg|https://cdn.frazerphotos.com/22489/22489_000004362_21d2c9o.jpg|https://cdn.frazerphotos.com/22489/22489_000004362_az01eeg.jpg|https://cdn.frazerphotos.com/22489/22489_000004362_k512ygp.jpg|https://cdn.frazerphotos.com/22489/22489_000004362_inus75y.jpg|https://cdn.frazerphotos.com/22489/22489_000004362_ymf6zo0.jpg|https://cdn.frazerphotos.com/22489/22489_000004362_1v0f2qm.jpg|https://cdn.frazerphotos.com/22489/22489_000004362_617qeq1.jpg|https://cdn.frazerphotos.com/22489/22489_000004362_igqhtdr.jpg|,Air Conditioning; Power Windows; Power Locks; Power Steering; Tilt Wheel; AM/FM CD; AM/FM CD/MP3; Satellite; Keyless Entry; Alarm; Daytime Running Lights; Dual Front Air Bag; Active Belts; All Wheel ABS,     735.00,       0.00,https://youtu.be/zWiurDfBAx0,0,       0.00,    1700.00,     0,       0.00,       0.00,,Gasoline,,        
1C3CDFBH9DD235443,DODGE,DART,SXT,Automatic,FWD,Sedan,2013,4365,BLACK,RED,1.4L,4,     900.00,       0.00,    2500.00,145697,12/23/2025,"If there is no description here, call/text Miriam 309-267-7200 or Matt 309-337-1049. We are likely working on getting it here as quickly as possible.",Used,No,https://cdn.frazerphotos.com/22489/22489_000004365_92dzve0.jpg|https://cdn.frazerphotos.com/22489/22489_000004365_5qqcoji.jpg|https://cdn.frazerphotos.com/22489/22489_000004365_egup8w4.jpg|https://cdn.frazerphotos.com/22489/22489_000004365_j3h0mev.jpg|https://cdn.frazerphotos.com/22489/22489_000004365_6j1oa9l.jpg|https://cdn.frazerphotos.com/22489/22489_000004365_vfl92pn.jpg|https://cdn.frazerphotos.com/22489/22489_000004365_g1qixf4.jpg|https://cdn.frazerphotos.com/22489/22489_000004365_enhanwt.jpg|https://cdn.frazerphotos.com/22489/22489_000004365_2q04hfa.jpg|https://cdn.frazerphotos.com/22489/22489_000004365_gmank32.jpg|https://cdn.frazerphotos.com/22489/22489_000004365_9wzjwlu.jpg|https://cdn.frazerphotos.com/22489/22489_000004365_fp9ku39.jpg|https://cdn.frazerphotos.com/22489/22489_4365_3983.jpg|https://cdn.frazerphotos.com/22489/22489_4365_3984.jpg|,Air Conditioning; Power Windows; Power Locks; Power Steering; Tilt Wheel; AM/FM CD/MP3; Satellite; AM/FM CD/DVD; Sentry Key; Keyless Entry; Alarm; Available; Dual Front Airbags; Side Airbags; Head Airbags; Rear Head Airbags; Active Seatbelts; All Wheel ABS,    1105.99,       0.00,https://youtu.be/E5M66eec6yw,0,       0.00,    2500.00,     0,       0.00,       0.00,,Gasoline,,        
1C4NJPCB0CD515540,JEEP,PATRIOT,LIMITED,Continuously Variable,FWD,SUV,2012,4371,BLACK,WHITE,2.4L,4,       0.00,       0.00,    2000.00,144163,12/10/2025,"If there is no description here, call/text Miriam 309-267-7200 or Matt 309-337-1049. We are likely working on getting it here as quickly as possible.",Used,No,https://cdn.frazerphotos.com/22489/22489_000004371_xse41mn.jpg|https://cdn.frazerphotos.com/22489/22489_000004371_zbhn2ub.jpg|https://cdn.frazerphotos.com/22489/22489_000004371_9n0ef97.jpg|https://cdn.frazerphotos.com/22489/22489_000004371_n9p8m5n.jpg|https://cdn.frazerphotos.com/22489/22489_000004371_47p3dq3.jpg|https://cdn.frazerphotos.com/22489/22489_000004371_jephar5.jpg|https://cdn.frazerphotos.com/22489/22489_000004371_f9e5y3f.jpg|https://cdn.frazerphotos.com/22489/22489_000004371_b1nthtz.jpg|https://cdn.frazerphotos.com/22489/22489_000004371_1do8lhr.jpg|https://cdn.frazerphotos.com/22489/22489_000004371_1zo8hzd.jpg|https://cdn.frazerphotos.com/22489/22489_000004371_nrtk30c.jpg|https://cdn.frazerphotos.com/22489/22489_000004371_aji2ab2.jpg|https://cdn.frazerphotos.com/22489/22489_4371_3991.jpg|https://cdn.frazerphotos.com/22489/22489_4371_3992.jpg|,Air Conditioning; Power Windows; Power Locks; Power Steering; Tilt Wheel; AM/FM CD/MP3; Satellite; Immobilizer; Keyless Entry; Available; Dual Airbags Front Head and Side; Active Seatbelts; Passenger Airbag Sensor; Dual Rear Side Airbag; All Wheel ABS,     100.00,       0.00,https://youtu.be/rnDSvKDwkts,0,       0.00,    2000.00,     0,       0.00,       0.00,,Gasoline,,        
1J4BA6D18BL543992,JEEP,WRANGLER,RUBICON,Automatic,4WD,SUV,2011,4368,BLACK,BLACK,3.8L,6,    2900.00,       0.00,    4800.00,144548,12/23/2025,"If there is no description here, call/text Miriam 309-267-7200 or Matt 309-337-1049. We are likely working on getting it here as quickly as possible.",Used,No,https://cdn.frazerphotos.com/22489/22489_000004368_g4xttp9.jpg|https://cdn.frazerphotos.com/22489/22489_000004368_z28j3wt.jpg|https://cdn.frazerphotos.com/22489/22489_000004368_2puj21g.jpg|https://cdn.frazerphotos.com/22489/22489_000004368_v3fkc44.jpg|https://cdn.frazerphotos.com/22489/22489_000004368_1d7vxex.jpg|https://cdn.frazerphotos.com/22489/22489_000004368_trhnz52.jpg|https://cdn.frazerphotos.com/22489/22489_000004368_2z98bru.jpg|https://cdn.frazerphotos.com/22489/22489_000004368_cxwsy8t.jpg|https://cdn.frazerphotos.com/22489/22489_000004368_u0us5id.jpg|https://cdn.frazerphotos.com/22489/22489_000004368_gwulood.jpg|https://cdn.frazerphotos.com/22489/22489_000004368_tfgb17p.jpg|,Air Conditioning; Power Windows; Power Locks; Power Steering; Tilt Wheel; AM/FM CD/MP3; Satellite; AM/FM CD/DVD; Sentry Key; Keyless Entry; Alarm; Dual Front Airbags; Passenger Sensor; Active Belts; All Wheel ABS; Retractable Roof Panel,    3160.00,       0.00,https://youtu.be/GnntIFw-Fgc,0,       0.00,    4800.00,     0,       0.00,       0.00,,Gasoline,,        
2D4RN5D1XAR191445,DODGE,GRAND CARAVAN,SXT,Automatic,FWD,Van,2010,4363,GRAY,BLUE,3.8L,6,     650.00,       0.00,    2200.00,200631,12/18/2025,"If there is no description here, call/text Miriam 309-267-7200 or Matt 309-337-1049. We are likely working on getting it here as quickly as possible.",Used,No,https://cdn.frazerphotos.com/22489/22489_000004363_215mksv.jpg|https://cdn.frazerphotos.com/22489/22489_000004363_4dd6zuk.jpg|https://cdn.frazerphotos.com/22489/22489_000004363_27m8ae7.jpg|https://cdn.frazerphotos.com/22489/22489_000004363_ohg9vj0.jpg|https://cdn.frazerphotos.com/22489/22489_000004363_wm8x606.jpg|https://cdn.frazerphotos.com/22489/22489_000004363_fjjn6sw.jpg|https://cdn.frazerphotos.com/22489/22489_000004363_pcqve84.jpg|https://cdn.frazerphotos.com/22489/22489_000004363_lkrw293.jpg|https://cdn.frazerphotos.com/22489/22489_000004363_wgxrni9.jpg|https://cdn.frazerphotos.com/22489/22489_000004363_7qch8jk.jpg|https://cdn.frazerphotos.com/22489/22489_000004363_esev0kn.jpg|https://cdn.frazerphotos.com/22489/22489_000004363_tchg6ee.jpg|https://cdn.frazerphotos.com/22489/22489_000004363_3f41wp4.jpg|https://cdn.frazerphotos.com/22489/22489_000004363_pondv2d.jpg|https://cdn.frazerphotos.com/22489/22489_4363_3985.jpg|https://cdn.frazerphotos.com/22489/22489_4363_3986.jpg|,Air Conditioning; Power Windows; Power Locks; Power Steering; Tilt Wheel; AM/FM CD/MP3; Satellite; AM/FM CD/DVD; Sentry Key; Keyless Entry; Available; Dual Frnt and Hd Ar Bgs; Passenger Snsr; Active Seatbelts; All Wheel ABS,     895.93,       0.00,https://youtu.be/LAohXJPly6U,0,       0.00,    2200.00,     0,       0.00,       0.00,,Gasoline,,        
2GNALPEK5C1137109,CHEVROLET,EQUINOX,LT,Automatic,FWD,SUV,2012,4364,BLACK,GOLD,2.4L,4,    1500.00,       0.00,    3500.00,109295,12/18/2025,"If there is no description here, call/text Miriam 309-267-7200 or Matt 309-337-1049. We are likely working on getting it here as quickly as possible.",Used,No,https://cdn.frazerphotos.com/22489/22489_000004364_k1b8o15.jpg|https://cdn.frazerphotos.com/22489/22489_000004364_f4k58qg.jpg|https://cdn.frazerphotos.com/22489/22489_000004364_vlks14w.jpg|https://cdn.frazerphotos.com/22489/22489_000004364_q523f18.jpg|https://cdn.frazerphotos.com/22489/22489_000004364_uunygzs.jpg|https://cdn.frazerphotos.com/22489/22489_000004364_quydb8n.jpg|https://cdn.frazerphotos.com/22489/22489_000004364_ls1fl9v.jpg|https://cdn.frazerphotos.com/22489/22489_000004364_tn8fsy5.jpg|https://cdn.frazerphotos.com/22489/22489_000004364_91dhjnz.jpg|https://cdn.frazerphotos.com/22489/22489_000004364_v71hmk9.jpg|https://cdn.frazerphotos.com/22489/22489_000004364_gvmmdq3.jpg|https://cdn.frazerphotos.com/22489/22489_000004364_i0re5k2.jpg|https://cdn.frazerphotos.com/22489/22489_000004364_fyhvapv.jpg|,Air Conditioning; Power Windows; Power Locks; Power Steering; Tilt Wheel; AM/FM CD/MP3; Satellite; Immobilizer; Keyless Entry; Alarm; Daytime Running Lights; Dual Airbags Front Head and Side; Active Seatbelts; Passenger Airbag Sensor; All Wheel ABS,    1729.97,       0.00,https://youtu.be/iM4yCL3Mh0E,0,       0.00,    3500.00,     0,       0.00,       0.00,,Gasoline,,        
1FTFW1ET5EKD75010,FORD,F150,SUPERCREW,Automatic,4WD,Truck,2014,4366,TAN,GREEN,3.5L,6,    2000.00,       0.00,    4900.00,182754,12/23/2025,"If there is no description here, call/text Miriam 309-267-7200 or Matt 309-337-1049. We are likely working on getting it here as quickly as possible.",Used,No,https://cdn.frazerphotos.com/22489/22489_000004366_g84prqv.jpg|https://cdn.frazerphotos.com/22489/22489_000004366_jvcnn16.jpg|https://cdn.frazerphotos.com/22489/22489_000004366_08xiixz.jpg|https://cdn.frazerphotos.com/22489/22489_000004366_w3j1cr7.jpg|https://cdn.frazerphotos.com/22489/22489_000004366_n8o848x.jpg|https://cdn.frazerphotos.com/22489/22489_000004366_cf9dqrd.jpg|https://cdn.frazerphotos.com/22489/22489_000004366_kweha7p.jpg|https://cdn.frazerphotos.com/22489/22489_000004366_tdpo5hj.jpg|https://cdn.frazerphotos.com/22489/22489_000004366_qosrbel.jpg|https://cdn.frazerphotos.com/22489/22489_000004366_4aoq09i.jpg|https://cdn.frazerphotos.com/22489/22489_000004366_jm18bo5.jpg|https://cdn.frazerphotos.com/22489/22489_000004366_zxxn4x0.jpg|https://cdn.frazerphotos.com/22489/22489_4366_3987.jpg|https://cdn.frazerphotos.com/22489/22489_4366_3988.jpg|,Air Conditioning; Power Windows; Power Locks; Power Steering; Tilt Wheel; AM/FM; AM/FM CD/MP3; Satellite; Sentry Key; Keyless Entry; Alarm; Available; Dual Front Airbags; Side Airbags; Head Airbags; Rear Head Airbags; Active Seatbelts; Crew Cab; Regular Bed; All Wheel ABS; 1/2 Ton,    2250.00,       0.00,https://youtu.be/NGs8adaq6aw,0,       0.00,    4900.00,     0,       0.00,       0.00,,Gasoline,,        
1FTFW1ET9CFB82266,FORD,F150,SUPERCREW,Automatic,4WD,Truck,2012,4367,GRAY,GREEN,3.5L,6,    2700.00,       0.00,    4700.00,194825,12/23/2025,"If there is no description here, call/text Miriam 309-267-7200 or Matt 309-337-1049. We are likely working on getting it here as quickly as possible.",Used,No,https://cdn.frazerphotos.com/22489/22489_000004367_8o3lkwz.jpg|https://cdn.frazerphotos.com/22489/22489_000004367_tbg4s5k.jpg|https://cdn.frazerphotos.com/22489/22489_000004367_7ns77oi.jpg|https://cdn.frazerphotos.com/22489/22489_000004367_sybvuqd.jpg|https://cdn.frazerphotos.com/22489/22489_000004367_d3fq8g3.jpg|https://cdn.frazerphotos.com/22489/22489_000004367_x4kjldj.jpg|https://cdn.frazerphotos.com/22489/22489_000004367_wxcrynf.jpg|https://cdn.frazerphotos.com/22489/22489_000004367_96hlebg.jpg|https://cdn.frazerphotos.com/22489/22489_000004367_1kknyse.jpg|https://cdn.frazerphotos.com/22489/22489_000004367_qr1qzu7.jpg|https://cdn.frazerphotos.com/22489/22489_000004367_saccqnj.jpg|https://cdn.frazerphotos.com/22489/22489_000004367_7c1wxfn.jpg|https://cdn.frazerphotos.com/22489/22489_000004367_4bzegih.jpg|https://cdn.frazerphotos.com/22489/22489_000004367_jxuu271.jpg|https://cdn.frazerphotos.com/22489/22489_4367_3979.jpg|https://cdn.frazerphotos.com/22489/22489_4367_3980.jpg|,Air Conditioning; Power Windows; Power Locks; Power Steering; Tilt Wheel; AM/FM; AM/FM CD/MP3; Satellite; Sentry Key; Keyless Entry; Alarm; Available; Dual Front Airbags; Side Airbags; Head Airbags; Rear Head Airbags; Active Seatbelts; Crew Cab; Regular Bed; All Wheel ABS; 1/2 Ton,    2960.00,       0.00,https://youtu.be/qaZExe_INtQ,0,       0.00,    4700.00,     0,       0.00,       0.00,,Gasoline,,        