"unique_id","vin","stock_num","seller_id","seller_name","seller_address","seller_city","seller_state","seller_zip","seller_phone","seller_email","seller_lat","seller_lon","condition","make","model","year","trim","body_type","price","mileage","exterior_color","interior_color","fuel_type","engine_type","num_cylinders ","transmission","num_doors","driveline","description","features","image_urls","listing_url"
"3542","5TFCV54158X008516","3542","22489","HIGH LIFE AUTO, LLC.","519 2ND STREET","FORT MADISON","IA","52627","319-372-8191","Miriam@highlifeauto.com","","","U","TOYOTA","TUNDRA","2008","DOUBLE CAB","Truck","       ","303137","WHITE","","G","5.7L","8","Automatic","4","4WD","PLEASE READ BEFORE YOU CALL OR COME IN!!!     Here is the skinny on this car:    Good to Go:    Take a Look at:    Link to Video:    **We rely 100% on our customers to inspect and be certain about the vehicle they are buying**     **Our ''product'' we stand behind is our ability to SELL CHEAP. Above are our notes on this vehicle. We are not mechanics so we rely on our customers opinion. Feel free to bring one  directional code readers, tools, or friends to help**    THIS IS WHO WE ARE AND WHAT WE DO-  My wife and I run a small used car dealership in Fort Madison, IA. We have found the greatest need is in cheap, affordable transportation. We try to sell our vehicles as cheap as we can. Our business model is simple...Sell more cars for less, and we know prices sell. So, due to our wholesale pricing we can not hold vehicles nor accept any payment other than cash. Our biggest goal is ''To put people in a better place''. We will be honest, and upfront with you. We will not hound you on the lot if you're just here to look, nor will we play games with our prices. We are a no-haggle dealer and put a lot of pride in being BLUNT and UPFRONT. We don't offer any financing as we truly believe in the long run that won't help a short term problem. Be honest with us and we will do our best to help you find your next vehicle--even if that's not buying one from us.   Call/Text 309-337-1049 or 309-267-7200 or visit our site for quickest info www.highlifeauto.com","Air Conditioning| Power Windows| Power Locks| Power Steering| Available| AM/FM CD| Satellite| Immobilizer| Keyless Entry| Dual Front Airbags| Side Airbags| Head Airbags| Rear Head Airbags| Active Seatbelts| Extended Cab| Long Bed| All Wheel ABS| 1/2 Ton","",""
"3691","3GCEK13M59G233773","3691","22489","HIGH LIFE AUTO, LLC.","519 2ND STREET","FORT MADISON","IA","52627","319-372-8191","Miriam@highlifeauto.com","","","U","CHEVROLET","SILVERADO 1500","2009","CREW CAB","Truck","       ","221794","GRAY","","G","5.3L","8","Automatic","4","4WD","PLEASE READ BEFORE YOU CALL OR COME IN!!! We only accept CASH payment.    Here is the skinny on this car:    Good to Go:    Take a Look at:    Link to Video:    **We rely 100% on our customers to inspect and be certain about the vehicle they are buying**     **Our ''product'' we stand behind is our ability to SELL CHEAP. Above are our notes on this vehicle. We are not mechanics so we rely on our customers opinion. Feel free to bring one  directional code readers, tools, or friends to help**    THIS IS WHO WE ARE AND WHAT WE DO-  My wife and I run a small used car dealership in Fort Madison, IA. We have found the greatest need is in cheap, affordable transportation. We try to sell our vehicles as cheap as we can. Our business model is simple...Sell more cars for less, and we know prices sell. So, due to our wholesale pricing we can not hold vehicles nor accept any payment other than cash. Our biggest goal is ''To put people in a better place''. We will be honest, and upfront with you. We will not hound you on the lot if you're just here to look, nor will we play games with our prices. We are a no-haggle dealer and put a lot of pride in being BLUNT and UPFRONT. We don't offer any financing as we truly believe in the long run that won't help a short term problem. Be honest with us and we will do our best to help you find your next vehicle--even if that's not buying one from us.   Call/Text 309-337-1049 or 309-267-7200 or visit our site for quickest info www.highlifeauto.com","Available| Available| Power Steering| Tilt Wheel| AM/FM CD/MP3| Satellite| Daytime Running Lights| Dual Front Airbags| Passenger Sensor| Active Belts| Crew Cab| Short Bed| All Wheel ABS| 1/2 Ton","",""
"3741","1GCEK14T74Z324784","3741","22489","HIGH LIFE AUTO, LLC.","519 2ND STREET","FORT MADISON","IA","52627","319-372-8191","Miriam@highlifeauto.com","","","U","CHEVROLET","SILVERADO 1500","2004","LS","Pick-Up","       ","272265","RED","","G","5.3L","8","Automatic","2","4WD","PLEASE READ BEFORE YOU CALL OR COME IN!!! We only accept CASH payment.    Here is the skinny on this car:    Good to Go:    Take a Look at:    Link to Video:    **We rely 100% on our customers to inspect and be certain about the vehicle they are buying**     **Our ''product'' we stand behind is our ability to SELL CHEAP. Above are our notes on this vehicle. We are not mechanics so we rely on our customers opinion. Feel free to bring one  directional code readers, tools, or friends to help**    THIS IS WHO WE ARE AND WHAT WE DO-  My wife and I run a small used car dealership in Fort Madison, IA. We have found the greatest need is in cheap, affordable transportation. We try to sell our vehicles as cheap as we can. Our business model is simple...Sell more cars for less, and we know prices sell. So, due to our wholesale pricing we can not hold vehicles nor accept any payment other than cash. Our biggest goal is ''To put people in a better place''. We will be honest, and upfront with you. We will not hound you on the lot if you're just here to look, nor will we play games with our prices. We are a no-haggle dealer and put a lot of pride in being BLUNT and UPFRONT. We don't offer any financing as we truly believe in the long run that won't help a short term problem. Be honest with us and we will do our best to help you find your next vehicle--even if that's not buying one from us.   Call/Text 309-337-1049 or 309-267-7200 or visit our site for quickest info www.highlifeauto.com","Air Conditioning| Available| Power Steering| Tilt Wheel| AM/FM| AM/FM Cassette| AM/FM CD| Pass Key Security| Daytime Running Lights| Dual Front Airbags| Passenger Sensor| Active Belts| Conventional Cab| Regular Bed| All Wheel ABS| 1/2 Ton","",""
"3570","1J4BA3H18BL539269","3570","22489","HIGH LIFE AUTO, LLC.","519 2ND STREET","FORT MADISON","IA","52627","319-372-8191","Miriam@highlifeauto.com","","","U","JEEP","WRANGLER UNLIMI","2011","SPORT","SUV","       ","113712","BLACK","","G","3.8L","6","Automatic","4","4WD","PLEASE READ BEFORE YOU CALL OR COME IN!!! We only accept CASH payment.    Here is the skinny on this car:    Good to Go:    Take a Look at:    Link to Video:    **We rely 100% on our customers to inspect and be certain about the vehicle they are buying**     **Our ''product'' we stand behind is our ability to SELL CHEAP. Above are our notes on this vehicle. We are not mechanics so we rely on our customers opinion. Feel free to bring one  directional code readers, tools, or friends to help**    THIS IS WHO WE ARE AND WHAT WE DO-  My wife and I run a small used car dealership in Fort Madison, IA. We have found the greatest need is in cheap, affordable transportation. We try to sell our vehicles as cheap as we can. Our business model is simple...Sell more cars for less, and we know prices sell. So, due to our wholesale pricing we can not hold vehicles nor accept any payment other than cash. Our biggest goal is ''To put people in a better place''. We will be honest, and upfront with you. We will not hound you on the lot if you're just here to look, nor will we play games with our prices. We are a no-haggle dealer and put a lot of pride in being BLUNT and UPFRONT. We don't offer any financing as we truly believe in the long run that won't help a short term problem. Be honest with us and we will do our best to help you find your next vehicle--even if that's not buying one from us.   Call/Text 309-337-1049 or 309-267-7200 or visit our site for quickest info www.highlifeauto.com","Air Conditioning| Available| Power Steering| Tilt Wheel| AM/FM CD/MP3| Satellite| AM/FM CD/DVD| Passive sentry key| Dual Front Airbags| Passenger Sensor| Active Belts| All Wheel ABS| Retractable Roof Panel","",""
"3755","3GNCJPSB2GL174433","3755","22489","HIGH LIFE AUTO, LLC.","519 2ND STREET","FORT MADISON","IA","52627","319-372-8191","Miriam@highlifeauto.com","","","U","CHEVROLET","TRAX","2016","1LT","SUV","       ","144011","GRAY","","G","1.4L","4","Automatic","4","AWD","PLEASE READ BEFORE YOU CALL OR COME IN!!! We only accept CASH payment.    Here is the skinny on this car:    Good to Go:    Take a Look at:    Link to Video:    **We rely 100% on our customers to inspect and be certain about the vehicle they are buying**     **Our ''product'' we stand behind is our ability to SELL CHEAP. Above are our notes on this vehicle. We are not mechanics so we rely on our customers opinion. Feel free to bring one  directional code readers, tools, or friends to help**    THIS IS WHO WE ARE AND WHAT WE DO-  My wife and I run a small used car dealership in Fort Madison, IA. We have found the greatest need is in cheap, affordable transportation. We try to sell our vehicles as cheap as we can. Our business model is simple...Sell more cars for less, and we know prices sell. So, due to our wholesale pricing we can not hold vehicles nor accept any payment other than cash. Our biggest goal is ''To put people in a better place''. We will be honest, and upfront with you. We will not hound you on the lot if you're just here to look, nor will we play games with our prices. We are a no-haggle dealer and put a lot of pride in being BLUNT and UPFRONT. We don't offer any financing as we truly believe in the long run that won't help a short term problem. Be honest with us and we will do our best to help you find your next vehicle--even if that's not buying one from us.   Call/Text 309-337-1049 or 309-267-7200 or visit our site for quickest info www.highlifeauto.com","Air Conditioning| Power Windows| Power Locks| Power Steering| Tilt Wheel| AM/FM| Satellite| Immobilizer| Keyless Entry| Alarm| Daytime Running Lights| Dual Airbags Front Head and Side| Active Seatbelts| Dual Rear Side Airbags| All Wheel ABS","",""
"3759","LCELDUZ41K6004573","3759","22489","HIGH LIFE AUTO, LLC.","519 2ND STREET","FORT MADISON","IA","52627","319-372-8191","Miriam@highlifeauto.com","","","U","CF MOTO","4 WHEELER","2019","","Mid-Size","       ","800","ORANGE","","G","","0","Automatic","","","PLEASE READ BEFORE YOU CALL OR COME IN!!! We only accept CASH payment.    Here is the skinny on this car:    Good to Go:    Take a Look at:    Link to Video:    **We rely 100% on our customers to inspect and be certain about the vehicle they are buying**     **Our ''product'' we stand behind is our ability to SELL CHEAP. Above are our notes on this vehicle. We are not mechanics so we rely on our customers opinion. Feel free to bring one  directional code readers, tools, or friends to help**    THIS IS WHO WE ARE AND WHAT WE DO-  My wife and I run a small used car dealership in Fort Madison, IA. We have found the greatest need is in cheap, affordable transportation. We try to sell our vehicles as cheap as we can. Our business model is simple...Sell more cars for less, and we know prices sell. So, due to our wholesale pricing we can not hold vehicles nor accept any payment other than cash. Our biggest goal is ''To put people in a better place''. We will be honest, and upfront with you. We will not hound you on the lot if you're just here to look, nor will we play games with our prices. We are a no-haggle dealer and put a lot of pride in being BLUNT and UPFRONT. We don't offer any financing as we truly believe in the long run that won't help a short term problem. Be honest with us and we will do our best to help you find your next vehicle--even if that's not buying one from us.   Call/Text 309-337-1049 or 309-267-7200 or visit our site for quickest info www.highlifeauto.com","","",""
"3821","4T1BF28B13U278407","3821","22489","HIGH LIFE AUTO, LLC.","519 2ND STREET","FORT MADISON","IA","52627","319-372-8191","Miriam@highlifeauto.com","","","U","TOYOTA","AVALON","2003","XL","Sedan","       ","233717","SILVER","","G","3.0L","6","Automatic","4","FWD","PLEASE READ BEFORE YOU CALL OR COME IN!!! We only accept CASH payment. If there is no description here, check www.highlifeauto for updates.    Link to Video:    Good to Go:    Take a Look at:","Air Conditioning| Power Windows| Power Locks| Power Steering| Tilt Wheel| AM/FM CD| AM/FM Cassette| Daytime Running Lights| Dual Air Bags Front and Sides| Active Belts| All Wheel ABS","",""
"3816","2HJYK16496H565876","3816","22489","HIGH LIFE AUTO, LLC.","519 2ND STREET","FORT MADISON","IA","52627","319-372-8191","Miriam@highlifeauto.com","","","U","HONDA","RIDGELINE","2006","RTS","Truck","       ","249765","RED","","G","3.5L","6","Automatic","4","4WD","PLEASE READ BEFORE YOU CALL OR COME IN!!! We only accept CASH payment. If there is no description here, check www.highlifeauto for updates.    Link to Video:    Good to Go:    Take a Look at:","Air Conditioning| Power Windows| Power Locks| Power Steering| Tilt Wheel| AM/FM CD| Satellite| AM/FM CD/MP3| Immobilizer| Keyless Entry| Alarm| Dual Airbags Front Head and Side| Active Seatbelts| Passenger Airbag Sensor| Crew Cab| Regular Bed| All Wheel ABS| 1/2 Ton","",""
"3833","1GBG7D1B7DV105116","3833","22489","HIGH LIFE AUTO, LLC.","519 2ND STREET","FORT MADISON","IA","52627","319-372-8191","Miriam@highlifeauto.com","","","U","CHEVROLET","C6500","1983","C7D042","Commercial","       ","85661","RED","","G","","8","Automatic","","RWD","PLEASE READ BEFORE YOU CALL OR COME IN!!! We only accept CASH payment. If there is no description here, check www.highlifeauto for updates.    Link to Video:    Good to Go:    Take a Look at:","Conventional Cab","",""
"3845","2GCEK19T731253490","3845","22489","HIGH LIFE AUTO, LLC.","519 2ND STREET","FORT MADISON","IA","52627","319-372-8191","Miriam@highlifeauto.com","","","U","CHEVROLET","SILVERADO 1500","2003","LT","Truck","       ","207295","BLACK","","G","5.3L","8","Automatic","4","4WD","PLEASE READ BEFORE YOU CALL OR COME IN!!! We only accept CASH payment. If there is no description here, check www.highlifeauto for updates.    Link to Video:    Good to Go:    Take a Look at:","Available| Available| Power Steering| Tilt Wheel| AM/FM CD| Daytime Running Lights| Dual Front Airbags| Passenger Sensor| Active Belts| Extended Cab| Regular Bed| All Wheel ABS| 1/2 Ton","",""
"3874","1D7HU18297S205226","3874","22489","HIGH LIFE AUTO, LLC.","519 2ND STREET","FORT MADISON","IA","52627","319-372-8191","Miriam@highlifeauto.com","","","U","DODGE","RAM 1500","2007","ST","Truck","       ","250668","BLACK","","G","5.7L","8","Automatic","4","4WD","PLEASE READ BEFORE YOU CALL OR COME IN!!! We only accept CASH payment. If there is no description here, check www.highlifeauto for updates.    Link to Video:    Good to Go:    Take a Look at:","Air Conditioning| Available| Power Steering| Tilt Wheel| AM/FM CD| Satellite| Sentry Key| Alarm| Available| Dual Front Air Bag| Active Belts| Extended Cab| Regular Bed| All Wheel ABS| 1/2 Ton","",""
"3891","1G2ZF55B964283095","3891","22489","HIGH LIFE AUTO, LLC.","519 2ND STREET","FORT MADISON","IA","52627","319-372-8191","Miriam@highlifeauto.com","","","U","PONTIAC","G6","2006","SE","Sedan","       ","185647","WHITE","","G","2.4L","4","Automatic","4","FWD","PLEASE READ BEFORE YOU CALL OR COME IN!!! We only accept CASH payment. If there is no description here, check www.highlifeauto for updates.    Link to Video:    Good to Go:    Take a Look at:","Air Conditioning| Power Windows| Power Locks| Power Steering| Tilt Wheel| AM/FM CD| Immobilizer| Keyless Entry| Daytime Running Lights| Dual Front Airbags| Passenger Sensor| Active Belts| All Wheel ABS","",""
"3835","1FMJK1J59EEF27944","3835","22489","HIGH LIFE AUTO, LLC.","519 2ND STREET","FORT MADISON","IA","52627","319-372-8191","Miriam@highlifeauto.com","","","U","FORD","EXPEDITION","2014","EL XLT","SUV","       ","218000","BLACK","","G","5.4L","8","Automatic","4","4WD","PLEASE READ BEFORE YOU CALL OR COME IN!!! We only accept CASH payment. If there is no description here, check www.highlifeauto for updates.    Link to Video:    Good to Go:    Take a Look at:","Air Conditioning| Power Windows| Power Locks| Power Steering| Tilt Wheel| AM/FM CD/MP3| AM/FM CD/DVD| Satellite| Sentry Key| Keyless Entry| Alarm| Available| Dual Front Airbags| Side Airbags| Head Airbags| Rear Head Airbags| Active Seatbelts| All Wheel ABS","",""
"3911","5LMFU28577LJ10796","3911","22489","HIGH LIFE AUTO, LLC.","519 2ND STREET","FORT MADISON","IA","52627","319-372-8191","Miriam@highlifeauto.com","","","U","LINCOLN","NAVIGATOR","2007","PREMIUM","SUV","       ","184529","WHITE","","G","5.4L","8","Automatic","4","4WD","PLEASE READ BEFORE YOU CALL OR COME IN!!! We only accept CASH payment. If there is no description here, check www.highlifeauto for updates.    Link to Video:    Good to Go:    Take a Look at:","Air Conditioning| Power Windows| Power Locks| Power Steering| Tilt Wheel| AM/FM CD/MP3| AM/FM CD/DVD| Satellite| Immobilizer| Keyless Entry| Dual Air Bags Front Head and Sides| Active Belts| All Wheel ABS","",""
"3923","2HJYK16206H572746","3923","22489","HIGH LIFE AUTO, LLC.","519 2ND STREET","FORT MADISON","IA","52627","319-372-8191","Miriam@highlifeauto.com","","","U","HONDA","RIDGELINE","2006","RT","Truck","       ","170077","BLACK","","G","3.5L","6","Automatic","4","AWD","PLEASE READ BEFORE YOU CALL OR COME IN!!! We only accept CASH payment. If there is no description here, check www.highlifeauto for updates.    Link to Video:    Good to Go:    Take a Look at:","Air Conditioning| Power Windows| Power Locks| Power Steering| Tilt Wheel| AM/FM CD| Satellite| Immobilizer| Keyless Entry| Dual Airbags Front Head and Side| Active Seatbelts| Passenger Airbag Sensor| Crew Cab| Regular Bed| All Wheel ABS| 1/2 Ton","",""
"3927","1J8HG58N66C165420","3927","22489","HIGH LIFE AUTO, LLC.","519 2ND STREET","FORT MADISON","IA","52627","319-372-8191","Miriam@highlifeauto.com","","","U","JEEP","COMMANDER","2006","LIMITED","SUV","       ","187148","BLACK","","G","4.7L","8","Automatic","4","4WD","PLEASE READ BEFORE YOU CALL OR COME IN!!! We only accept CASH payment. If there is no description here, check www.highlifeauto for updates.    Link to Video:    Good to Go:    Take a Look at:","Air Conditioning| Power Windows| Power Locks| Power Steering| Tilt Wheel| AM/FM CD| Sentry Key| Keyless Entry| Alarm| Dual Air Bags Front and Sides| Active Belts| All Wheel ABS","",""
"3931","1FTPW14525KE96116","3931","22489","HIGH LIFE AUTO, LLC.","519 2ND STREET","FORT MADISON","IA","52627","319-372-8191","Miriam@highlifeauto.com","","","U","FORD","F150","2005","SUPERCREW","Truck","       ","229346","BLUE","","G","5.4L","8","Automatic","4","4WD","PLEASE READ BEFORE YOU CALL OR COME IN!!! We only accept CASH payment. If there is no description here, check www.highlifeauto for updates.    Link to Video:    Good to Go:    Take a Look at:","Air Conditioning| Available| Power Steering| Tilt Wheel| AM/FM CD| AM/FM Cassette| Pass Key Security| Dual Front Airbags| Active Seatbelts| Passenger Airbag Sensor| Crew Cab| Regular Bed| All Wheel ABS| 1/2 Ton","",""
"3937","3GNEK12Z65G224515","3937","22489","HIGH LIFE AUTO, LLC.","519 2ND STREET","FORT MADISON","IA","52627","319-372-8191","Miriam@highlifeauto.com","","","U","CHEVROLET","AVALANCHE","2005","1500","Mid-Size","       ","156281","WHITE","","G","5.3L","8","Automatic","4","4WD","PLEASE READ BEFORE YOU CALL OR COME IN!!! We only accept CASH payment. If there is no description here, check www.highlifeauto for updates.    Link to Video:    Good to Go:    Take a Look at:","Air Conditioning| Power Windows| Power Locks| Power Steering| Tilt Wheel| AM/FM CD| Pass Key Security| Daytime Running Lights| Dual Front Airbags| Side Airbags| Active Seatbelts| Passenger Airbag Sensor| Crew Cab| All Wheel ABS","",""
"3948","2G1WX12K739331252","3948","22489","HIGH LIFE AUTO, LLC.","519 2ND STREET","FORT MADISON","IA","52627","319-372-8191","Miriam@highlifeauto.com","","","U","CHEVROLET","MONTE CARLO","2003","SS","Coupe","       ","184447","RED","","G","3.8L","6","Automatic","2","FWD","PLEASE READ BEFORE YOU CALL OR COME IN!!! We only accept CASH payment. If there is no description here, check www.highlifeauto for updates.    Link to Video:    Good to Go:    Take a Look at:","Air Conditioning| Power Windows| Power Locks| Power Steering| Tilt Wheel| AM/FM Cassette| AM/FM CD| Daytime Running Lights| Dual Front Air Bag| Active Belts| All Wheel ABS","",""
"3946","1J4GL48K27W651764","3946","22489","HIGH LIFE AUTO, LLC.","519 2ND STREET","FORT MADISON","IA","52627","319-372-8191","Miriam@highlifeauto.com","","","U","JEEP","LIBERTY","2007","SPORT","SUV","       ","169942","SILVER","","G","3.7L","6","Automatic","4","4WD","PLEASE READ BEFORE YOU CALL OR COME IN!!! We only accept CASH payment. If there is no description here, check www.highlifeauto for updates.    Link to Video:    Good to Go:    Take a Look at:","Air Conditioning| Power Windows| Power Locks| Power Steering| Tilt Wheel| AM/FM CD| Satellite| Sentry Key| Keyless Entry| Available| Dual Front Air Bag| Active Belts| All Wheel ABS","",""
"3953","1FMCU9H92DUA25534","3953","22489","HIGH LIFE AUTO, LLC.","519 2ND STREET","FORT MADISON","IA","52627","319-372-8191","Miriam@highlifeauto.com","","","U","FORD","ESCAPE","2013","SEL","SUV","       ","249250","SILVER","","G","2.0L","4","Automatic","4","4WD","PLEASE READ BEFORE YOU CALL OR COME IN!!! We only accept CASH payment. If there is no description here, check www.highlifeauto for updates.    Link to Video:    Good to Go:    Take a Look at:","Air Conditioning| Power Windows| Power Locks| Power Steering| Tilt Wheel| AM/FM CD/MP3| Satellite| AM/FM CD/DVD| Sentry Key| Keyless Entry| Alarm| Available| Dual Front Airbags| Side Airbags| Head Airbags| Rear Head Airbags| Active Seatbelts| All Wheel ABS","",""
"3956","3MEHM0JG1AR616308","3956","22489","HIGH LIFE AUTO, LLC.","519 2ND STREET","FORT MADISON","IA","52627","319-372-8191","Miriam@highlifeauto.com","","","U","MERCURY","MILAN","2010","PREMIER","Sedan","       ","202286","BLACK","","G","3.0L","6","Automatic","4","FWD","PLEASE READ BEFORE YOU CALL OR COME IN!!! We only accept CASH payment. If there is no description here, check www.highlifeauto for updates.    Link to Video:    Good to Go:    Take a Look at:","Air Conditioning| Power Windows| Power Locks| Power Steering| Tilt Wheel| AM/FM CD/MP3| Satellite| AM/FM CD/DVD| Immobilizer| Keyless Entry| Alarm| Dual Airbags Front Head and Side| Active Seatbelts| Passenger Airbag Sensor| Dual Rear Side Airbag| All Wheel ABS","",""
"3962","1C6RD7FP7CS115056","3962","22489","HIGH LIFE AUTO, LLC.","519 2ND STREET","FORT MADISON","IA","52627","319-372-8191","Miriam@highlifeauto.com","","","U","DODGE","RAM 1500","2012","ST","Truck","       ","200235","WHITE","","G","4.7L","8","Automatic","4","4WD","PLEASE READ BEFORE YOU CALL OR COME IN!!! We only accept CASH payment. If there is no description here, check www.highlifeauto for updates.    Link to Video:    Good to Go:    Take a Look at:","Air Conditioning| Available| Power Steering| Tilt Wheel| AM/FM CD/MP3| Satellite| Passive sentry key| Available| Dual Air Bags Front and Sides| Active Belts| Extended Cab| Regular Bed| All Wheel ABS| 1/2 Ton","",""
"3964","1GTEC19M2WE553009","3964","22489","HIGH LIFE AUTO, LLC.","519 2ND STREET","FORT MADISON","IA","52627","319-372-8191","Miriam@highlifeauto.com","","","U","GMC","SIERRA","1998","C1500","Truck","       ","342213","BLACK","","G","5.0L","8","4-Speed Manual","2","RWD","PLEASE READ BEFORE YOU CALL OR COME IN!!! We only accept CASH payment. If there is no description here, check www.highlifeauto for updates.    Link to Video:    Good to Go:    Take a Look at:","Available| Available| Power Steering| Available| AM/FM| AM/FM Cassette| AM/FM CD| Daytime Running Lights| Dual Front Airbags| Active Seatbelts| Passenger Airbag Sensor| Extended Cab| Regular Bed| All Wheel ABS| 1/2 Ton","",""
"3966","1N4AZ0CP8FC332509","3966","22489","HIGH LIFE AUTO, LLC.","519 2ND STREET","FORT MADISON","IA","52627","319-372-8191","Miriam@highlifeauto.com","","","U","NISSAN","LEAF","2015","S","Hatchback","       ","102059","GRAY","","L","","0","Continuously Variable","4","FWD","PLEASE READ BEFORE YOU CALL OR COME IN!!! We only accept CASH payment. If there is no description here, check www.highlifeauto for updates.    Link to Video:    Good to Go:    Take a Look at:","Air Conditioning| Power Windows| Power Locks| Power Steering| Tilt Wheel| AM/FM CD/MP3| Satellite| Immobilizer| Keyless Entry| Alarm| Dual Front Airbags| Side Airbags| Head Airbags| Rear Head Airbags| Active Seatbelts| All Wheel ABS","",""
"3971","1B3LC76M28N163479","3971","22489","HIGH LIFE AUTO, LLC.","519 2ND STREET","FORT MADISON","IA","52627","319-372-8191","Miriam@highlifeauto.com","","","U","DODGE","AVENGER","2008","R/T","Sedan","       ","127244","GRAY","","G","3.5L","6","Automatic","4","FWD","PLEASE READ BEFORE YOU CALL OR COME IN!!! We only accept CASH payment. If there is no description here, check www.highlifeauto for updates.    Link to Video:    Good to Go:    Take a Look at:","Air Conditioning| Power Windows| Power Locks| Power Steering| Tilt Wheel| AM/FM CD/DVD| Satellite| Immobilizer| Keyless Entry| Alarm| Available| Dual Airbags Front Head and Side| Active Seatbelts| Passenger Airbag Sensor| Dual Rear Side Airbag| All Wheel ABS","",""
"3972","1FAFP42X8YF312038","3972","22489","HIGH LIFE AUTO, LLC.","519 2ND STREET","FORT MADISON","IA","52627","319-372-8191","Miriam@highlifeauto.com","","","U","FORD","MUSTANG","2000","GT","Coupe","       ","149169","RED","","G","4.6L","8","Automatic","2","RWD","PLEASE READ BEFORE YOU CALL OR COME IN!!! We only accept CASH payment. If there is no description here, check www.highlifeauto for updates.    Link to Video:    Good to Go:    Take a Look at:","Air Conditioning| Power Windows| Power Locks| Power Steering| Tilt Wheel| AM/FM Cassette| AM/FM CD| Pass Key Security| Dual Front Air Bag| Active Belts| ABS","",""
"3975","1HFSC47M98A704998","3975","22489","HIGH LIFE AUTO, LLC.","519 2ND STREET","FORT MADISON","IA","52627","319-372-8191","Miriam@highlifeauto.com","","","U","HONDA","GOLDWING","2008","GL1800","Motorcycle","       ","36188","GOLD","","G","","0","Automatic","","","PLEASE READ BEFORE YOU CALL OR COME IN!!! We only accept CASH payment. If there is no description here, check www.highlifeauto for updates.    Link to Video:    Good to Go:    Take a Look at:","","",""
"3973","2B3CJ5DT4AH277809","3973","22489","HIGH LIFE AUTO, LLC.","519 2ND STREET","FORT MADISON","IA","52627","319-372-8191","Miriam@highlifeauto.com","","","U","DODGE","CHALLENGER","2010","MOPAR EDITION R/T","Coupe","       ","178634","BLACK","","G","5.7L","8","5-Speed Manual","2","RWD","PLEASE READ BEFORE YOU CALL OR COME IN!!! We only accept CASH payment. If there is no description here, check www.highlifeauto for updates.    Link to Video:    Good to Go:    Take a Look at:","Air Conditioning| Power Windows| Power Locks| Power Steering| Tilt Wheel| AM/FM CD/MP3| Satellite| Sentry Key| Keyless Entry| Available| Dual Front Airbags| Side Airbags| Head Airbags| Rear Head Airbags| Active Seatbelts| All Wheel ABS","",""
"3976","3GYEK63N23G341601","3976","22489","HIGH LIFE AUTO, LLC.","519 2ND STREET","FORT MADISON","IA","52627","319-372-8191","Miriam@highlifeauto.com","","","U","CADILLAC","ESCALADE","2003","EXT","Mid-Size","       ","215110","WHITE","","G","6.0L","8","Automatic","4","AWD","PLEASE READ BEFORE YOU CALL OR COME IN!!! We only accept CASH payment. If there is no description here, check www.highlifeauto for updates.    Link to Video:    Good to Go:    Take a Look at:","Air Conditioning| Power Windows| Power Locks| Power Steering| Tilt Wheel| AM/FM CD| Pass Key Security| Daytime Running Lights| Dual Air Bags Front and Sides| Active Belts| Extended Cab| All Wheel ABS","",""
"3979","1N6AD0EV4BC400462","3979","22489","HIGH LIFE AUTO, LLC.","519 2ND STREET","FORT MADISON","IA","52627","319-372-8191","Miriam@highlifeauto.com","","","U","NISSAN","FRONTIER","2011","S","Pick-Up","       ","141088","BLACK","","G","4.0L","6","Automatic","4","4WD","PLEASE READ BEFORE YOU CALL OR COME IN!!! We only accept CASH payment. If there is no description here, check www.highlifeauto for updates.    Link to Video:    Good to Go:    Take a Look at:","Tilt Wheel| Immobilizer| Keyless Entry| Dual Front Airbags| Side Airbags| Head Airbags| Rear Head Airbags| Active Seatbelts| Crew Cab| Regular Bed| All Wheel ABS","",""
"3977","2C3CDXKTXJH301300","3977","22489","HIGH LIFE AUTO, LLC.","519 2ND STREET","FORT MADISON","IA","52627","319-372-8191","Miriam@highlifeauto.com","","","U","DODGE","CHARGER","2018","POLICE","Sedan","       ","159716","WHITE","","G","5.7L","8","Automatic","4","AWD","PLEASE READ BEFORE YOU CALL OR COME IN!!! We only accept CASH payment. If there is no description here, check www.highlifeauto for updates.    Link to Video:    Good to Go:    Take a Look at:","Air Conditioning| Power Windows| Power Locks| Power Steering| Tilt Wheel| AM/FM CD/MP3| Satellite| Sentry Key| Keyless Entry| Alarm| Daytime Running Lights| Dual Front Airbags| Side Airbags| Head Airbags| Rear Head Airbags| Active Seatbelts| All Wheel ABS","",""
"3985","1GMDX13E33D149988","3985","22489","HIGH LIFE AUTO, LLC.","519 2ND STREET","FORT MADISON","IA","52627","319-372-8191","Miriam@highlifeauto.com","","","U","PONTIAC","MONTANA","2003","LUXURY","Van","       ","235446","WHITE","","G","3.4L","6","Automatic","4","FWD","PLEASE READ BEFORE YOU CALL OR COME IN!!! We only accept CASH payment. If there is no description here, check www.highlifeauto for updates.    Link to Video:    Good to Go:    Take a Look at:","Air Conditioning| Power Windows| Power Locks| Power Steering| Tilt Wheel| AM/FM CD| Daytime Running Lights| Dual Air Bags Front and Sides| Active Belts| All Wheel ABS","",""
"3987","1D7HU18227J541659","3987","22489","HIGH LIFE AUTO, LLC.","519 2ND STREET","FORT MADISON","IA","52627","319-372-8191","Miriam@highlifeauto.com","","","U","DODGE","RAM 1500","2007","ST","Pick-Up","       ","254538","RED","","G","5.7L","8","Automatic","4","4WD","PLEASE READ BEFORE YOU CALL OR COME IN!!! We only accept CASH payment. If there is no description here, check www.highlifeauto for updates.    Link to Video:    Good to Go:    Take a Look at:","Air Conditioning| Available| Power Steering| Tilt Wheel| AM/FM CD| Satellite| Sentry Key| Alarm| Available| Dual Front Air Bag| Active Belts| Extended Cab| Regular Bed| All Wheel ABS| 1/2 Ton","",""
"3989","2FMDK36C68BA65150","3989","22489","HIGH LIFE AUTO, LLC.","519 2ND STREET","FORT MADISON","IA","52627","319-372-8191","Miriam@highlifeauto.com","","","U","FORD","EDGE","2008","SE","SUV","       ","198996","BLACK","","G","3.5L","6","Automatic","4","FWD","PLEASE READ BEFORE YOU CALL OR COME IN!!! We only accept CASH payment. If there is no description here, check www.highlifeauto for updates.    Link to Video:    Good to Go:    Take a Look at:","Air Conditioning| Power Windows| Power Locks| Power Steering| Tilt Wheel| AM/FM CD/MP3| Satellite| Immobilizer| Keyless Entry| Available| Dual Airbags Front Head and Side| Active Seatbelts| Passenger Airbag Sensor| All Wheel ABS","",""
"3991","KMHWF35H25A207012","3991","22489","HIGH LIFE AUTO, LLC.","519 2ND STREET","FORT MADISON","IA","52627","319-372-8191","Miriam@highlifeauto.com","","","U","HYUNDAI","SONATA","2005","GLS","Sedan","       ","127675","SILVER","","G","2.7L","6","Automatic","4","FWD","PLEASE READ BEFORE YOU CALL OR COME IN!!! We only accept CASH payment. If there is no description here, check www.highlifeauto for updates.    Link to Video:    Good to Go:    Take a Look at:","Air Conditioning| Power Windows| Power Locks| Power Steering| Tilt Wheel| AM/FM CD| Dual Front Airbags| Side Airbags| Active Seatbelts| Passenger Airbag Sensor| All Wheel ABS| Removable Panels","",""
"3992","2FMDK52C79BA75284","3992","22489","HIGH LIFE AUTO, LLC.","519 2ND STREET","FORT MADISON","IA","52627","319-372-8191","Miriam@highlifeauto.com","","","U","FORD","FLEX","2009","SEL","SUV","       ","186913","RED","","G","3.5L","6","Automatic","4","FWD","PLEASE READ BEFORE YOU CALL OR COME IN!!! We only accept CASH payment. If there is no description here, check www.highlifeauto for updates.    Link to Video:    Good to Go:    Take a Look at:","Air Conditioning| Power Windows| Power Locks| Power Steering| Tilt Wheel| AM/FM CD/MP3| AM/FM CD/DVD| Sentry Key| Keyless Entry| Alarm| Daytime Running Lights| Dual Airbags Front Head and Side| Active Seatbelts| Passenger Airbag Sensor| Dual Rear Side Airbag| All Wheel ABS","",""
"3994","2G2WP552171102200","3994","22489","HIGH LIFE AUTO, LLC.","519 2ND STREET","FORT MADISON","IA","52627","319-372-8191","Miriam@highlifeauto.com","","","U","PONTIAC","GRAND PRIX","2007","","Sedan","       ","155689","WHITE","","G","3.8L","6","Automatic","4","FWD","PLEASE READ BEFORE YOU CALL OR COME IN!!! We only accept CASH payment. If there is no description here, check www.highlifeauto for updates.    Link to Video:    Good to Go:    Take a Look at:","Air Conditioning| Power Windows| Power Locks| Power Steering| Tilt Wheel| AM/FM CD| AM/FM CD/MP3| Satellite| Sentry Key| Keyless Entry| Daytime Running Lights| Dual Front Airbags| Passenger Sensor| Active Belts| All Wheel ABS","",""
"4001","1J4GA39139L748675","4001","22489","HIGH LIFE AUTO, LLC.","519 2ND STREET","FORT MADISON","IA","52627","319-372-8191","Miriam@highlifeauto.com","","","U","JEEP","WRANGLER UNLIMI","2009","X","SUV","       ","124331","GREEN","","G","3.8L","6","Automatic","4","4WD","PLEASE READ BEFORE YOU CALL OR COME IN!!! We only accept CASH payment. If there is no description here, check www.highlifeauto for updates.    Link to Video:    Good to Go:    Take a Look at:","Air Conditioning| Available| Power Steering| Tilt Wheel| AM/FM CD/MP3| Satellite| AM/FM CD/DVD| Passive sentry key| Dual Front Air Bag| Active Belts| All Wheel ABS| Retractable Roof Panel","",""
"4000","JF2SJABC3JH485046","4000","22489","HIGH LIFE AUTO, LLC.","519 2ND STREET","FORT MADISON","IA","52627","319-372-8191","Miriam@highlifeauto.com","","","U","SUBARU","FORESTER","2018","2.5I","SUV","       ","287327","GRAY","","G","2.5L","4","Automatic","4","AWD","PLEASE READ BEFORE YOU CALL OR COME IN!!! We only accept CASH payment. If there is no description here, check www.highlifeauto for updates.    Link to Video:    Good to Go:    Take a Look at:","Air Conditioning| Power Windows| Power Locks| Power Steering| Tilt Wheel| AM/FM CD/MP3| Immobilizer| Keyless Entry| Alarm| Daytime Running Lights| Dual Front Airbags| Side Airbags| Head Airbags| Rear Head Airbags| Active Seatbelts| All Wheel ABS| Power Sun/Moon Roof","",""
"4006","1C3CDFBBXED917633","4006","22489","HIGH LIFE AUTO, LLC.","519 2ND STREET","FORT MADISON","IA","52627","319-372-8191","Miriam@highlifeauto.com","","","U","DODGE","DART","2014","SXT","Sedan","       ","98180","BLACK","","G","2.4L","4","Automatic","4","FWD","PLEASE READ BEFORE YOU CALL OR COME IN!!! We only accept CASH payment. If there is no description here, check www.highlifeauto for updates.    Link to Video:    Good to Go:    Take a Look at:","Air Conditioning| Power Windows| Power Locks| Power Steering| Tilt Wheel| AM/FM CD/MP3| Satellite| AM/FM CD/DVD| Sentry Key| Keyless Entry| Alarm| Daytime Running Lights| Dual Front Airbags| Side Airbags| Head Airbags| Rear Head Airbags| Active Seatbelts| All Wheel ABS","",""
"4007","1GEEH90YXWU550355","4007","22489","HIGH LIFE AUTO, LLC.","519 2ND STREET","FORT MADISON","IA","52627","319-372-8191","Miriam@highlifeauto.com","","","U","CADILLAC","DEVILLE","1998","LIMO","Mid-Size","       ","40000","SILVER","","G","4.6L","8","Automatic","4","FWD","PLEASE READ BEFORE YOU CALL OR COME IN!!! We only accept CASH payment. If there is no description here, check www.highlifeauto for updates.    Link to Video:    Good to Go:    Take a Look at:","Active (Manual) Belts","",""
"3998","2A4RR5D15AR286619","3998","22489","HIGH LIFE AUTO, LLC.","519 2ND STREET","FORT MADISON","IA","52627","319-372-8191","Miriam@highlifeauto.com","","","U","CHRYSLER","TOWN & COUNTRY","2010","TOURING","Van","       ","206264","SILVER","","G","3.8L","6","Automatic","4","FWD","PLEASE READ BEFORE YOU CALL OR COME IN!!! We only accept CASH payment. If there is no description here, check www.highlifeauto for updates.    Link to Video:    Good to Go:    Take a Look at:","Air Conditioning| Power Windows| Power Locks| Power Steering| Tilt Wheel| AM/FM CD/MP3| Satellite| AM/FM CD/DVD| Sentry Key| Keyless Entry| Available| Dual Frnt and Hd Ar Bgs| Passenger Snsr| Active Seatbelts| All Wheel ABS","",""
