"dealer_id","dealer_name","dealer_address","dealer_city","dealer_state","dealer_zip","dealer_contact_person","dealer_phone","dealer_email","dealer_website","stock_num","vehicle_condition","make","model","year","price","mileage","body_style","exterior_color","interior_color","doors","engine","fuel","transmission","drivetrain","seats","vin","optional_features","description","images"
"22489","HIGH LIFE AUTO, LLC.","519 2ND STREET","FORT MADISON","IA","52627","Matt","319-372-8191","highlifeas@gmail.com","http://www.highlifeauto.com","4008","Used","DARKHORSE","TRAILER","2023","    8900.00","1000","Boat","WHITE","WHITE","","","Other","Automatic","","","7LZBE1625PW114888","","*Awesome trailer for whatever you can dream up. Obviously it has our decals on it, which can come off easily if needed.       *  We bought it brand new and have used it as a sound and lights trailer, construction trailer, toy hauler, mobile man cave (currently)...if you can dream it, this trailer can probably be used for it.        *Floor is wood in good condition and has been treated.     *Has electric run for lights and plenty of cargo tracks for whatever you need in there.         *Ready to hook up and go wherever you need it to go!        *Will get a walkaround video as soon as possible.","https://cdn.frazerphotos.com/22489/22489_000004008_k0lsszn.jpg,https://cdn.frazerphotos.com/22489/22489_000004008_9ocknag.jpg,https://cdn.frazerphotos.com/22489/22489_000004008_55rlqx5.jpg,https://cdn.frazerphotos.com/22489/22489_000004008_dk5k3ib.jpg,https://cdn.frazerphotos.com/22489/22489_000004008_e1zgupj.jpg,https://cdn.frazerphotos.com/22489/22489_000004008_1hgekp0.jpg,https://cdn.frazerphotos.com/22489/22489_000004008_qywfoyw.jpg,https://cdn.frazerphotos.com/22489/22489_000004008_pc6uk2a.jpg,https://cdn.frazerphotos.com/22489/22489_000004008_k3vthb2.jpg,https://cdn.frazerphotos.com/22489/22489_000004008_dcpr1fo.jpg,https://cdn.frazerphotos.com/22489/22489_000004008_i7wniue.jpg,https://cdn.frazerphotos.com/22489/22489_000004008_a5nsryt.jpg,https://cdn.frazerphotos.com/22489/22489_000004008_shtyo9q.jpg,https://cdn.frazerphotos.com/22489/22489_000004008_5hrokmf.jpg,https://cdn.frazerphotos.com/22489/22489_000004008_2rot11e.jpg,https://cdn.frazerphotos.com/22489/22489_000004008_7bk4o20.jpg,https://cdn.frazerphotos.com/22489/22489_000004008_e4ur070.jpg,https://cdn.frazerphotos.com/22489/22489_000004008_2p2eeox.jpg,https://cdn.frazerphotos.com/22489/22489_000004008_o0p7m6z.jpg"
"22489","HIGH LIFE AUTO, LLC.","519 2ND STREET","FORT MADISON","IA","52627","Matt","319-372-8191","highlifeas@gmail.com","http://www.highlifeauto.com","4095","Used","NISSAN","ROGUE","2017","    3300.00","239966","Wagon","WHITE","GRAY","4","4 Cyl","Gasoline","Continuously Variable","AWD","","KNMAT2MV5HP520386","Air Conditioning, Power Windows, Power Locks, Power Steering, Tilt Wheel, AM/FM CD/MP3, Satellite, Immobilizer, Keyless Entry, Alarm, Daytime Running Lights, Dual Front Airbags, Side Airbags, Head Airbags, Rear Head Airbags, Active Seatbelts, Sport Utility Cab, All Wheel ABS","Video Test Drive URL (The Nitty Gritty): https://youtu.be/uD_mA2bG0Bc?si=g2ZJQRJ-tSa7bNV0        Just the Basics:    *    Runs and drives well.     *    All-Wheel Drive (currently operating as Front-Wheel Drive due to a wheel speed sensor issue-Lit up like a Christmas Tree)    *    AC, Heat, Heated Seats    *    Recent Oil change, serpentine belt, wheel bearing, transfer case, rear differential and rear CV axle replacement      *  Tires at 30%-40% tread","https://cdn.frazerphotos.com/22489/22489_4095_3762.jpg,https://cdn.frazerphotos.com/22489/22489_4095_3763.jpg,https://cdn.frazerphotos.com/22489/22489_4095_3764.jpg,https://cdn.frazerphotos.com/22489/22489_4095_3765.jpg,https://cdn.frazerphotos.com/22489/22489_4095_3766.jpg,https://cdn.frazerphotos.com/22489/22489_4095_3767.jpg,https://cdn.frazerphotos.com/22489/22489_4095_3768.jpg,https://cdn.frazerphotos.com/22489/22489_4095_3942.jpg,https://cdn.frazerphotos.com/22489/22489_4095_3943.jpg"
"22489","HIGH LIFE AUTO, LLC.","519 2ND STREET","FORT MADISON","IA","52627","Matt","319-372-8191","highlifeas@gmail.com","http://www.highlifeauto.com","4043","Used","BMW","I3","2016","    6500.00","75687","Hatchback","BLACK","","4","2 Cyl","Hybrid","Continuously Variable","RWD","","WBY1Z4C56GV505741","Air Conditioning, Power Windows, Power Locks, Power Steering, Tilt Wheel, AM/FM CD/MP3, Satellite, Immobilizer, Keyless Entry, Daytime Running Lights, Dual Front Airbags, Side Airbags, Head Airbags, Rear Head Airbags, Active Seatbelts, All Wheel ABS, Power Sun/Moon Roof","Video Test Drive URL (The Nitty Gritty): https://youtu.be/tOWVc8Wd9UA    Just the Basics:    *Great driving car. Good power. Smooth ride.     *Comes with a 110-volt charger for overnight charging and is compatible with faster commercial chargers for quick power-ups.    *Primarily an electric car, but has the range extended for fuel so you don't get stranded    *The exterior plastic charging door is missing.","https://cdn.frazerphotos.com/22489/22489_4043_3013.jpg,https://cdn.frazerphotos.com/22489/22489_4043_3014.jpg,https://cdn.frazerphotos.com/22489/22489_4043_3015.jpg,https://cdn.frazerphotos.com/22489/22489_4043_3016.jpg,https://cdn.frazerphotos.com/22489/22489_4043_3017.jpg,https://cdn.frazerphotos.com/22489/22489_4043_3018.jpg,https://cdn.frazerphotos.com/22489/22489_4043_3019.jpg,https://cdn.frazerphotos.com/22489/22489_4043_3020.jpg,https://cdn.frazerphotos.com/22489/22489_4043_3021.jpg,https://cdn.frazerphotos.com/22489/22489_4043_3022.jpg,https://cdn.frazerphotos.com/22489/22489_4043_3023.jpg,https://cdn.frazerphotos.com/22489/22489_4043_3946.jpg,https://cdn.frazerphotos.com/22489/22489_4043_3024.jpg,https://cdn.frazerphotos.com/22489/22489_4043_3025.jpg,https://cdn.frazerphotos.com/22489/22489_4043_3026.jpg,https://cdn.frazerphotos.com/22489/22489_4043_3027.jpg,https://cdn.frazerphotos.com/22489/22489_4043_3944.jpg,https://cdn.frazerphotos.com/22489/22489_4043_3945.jpg"
"22489","HIGH LIFE AUTO, LLC.","519 2ND STREET","FORT MADISON","IA","52627","Matt","319-372-8191","highlifeas@gmail.com","http://www.highlifeauto.com","4089","Used","RAM","2500","2015","   22500.00","544576","Truck","BLACK","BLACK","4","6 Cyl","Diesel","Automatic","4WD","","3C6UR5GL6FG511325","Air Conditioning, Power Windows, Power Locks, Power Steering, Tilt Wheel, AM/FM CD/DVD, Satellite, Sentry Key, Keyless Entry, Alarm, Available, Dual Air Bags Front and Sides, Active Belts, Crew Cab, Regular Bed, All Wheel ABS, Power Sun/Moon Roof, 3/4 Ton","PLEASE READ BEFORE YOU CALL OR COME IN!!! We only accept CASH payment. If there is no description here, check www.highlifeauto for updates.    Link to Video:    Good to Go:    Take a Look at:","https://cdn.frazerphotos.com/22489/22489_000004089_pdsd3t6.jpg,https://cdn.frazerphotos.com/22489/22489_000004089_wpa5y1h.jpg,https://cdn.frazerphotos.com/22489/22489_000004089_7v1md5m.jpg,https://cdn.frazerphotos.com/22489/22489_000004089_z6jpr6l.jpg,https://cdn.frazerphotos.com/22489/22489_000004089_nkjlmam.jpg,https://cdn.frazerphotos.com/22489/22489_000004089_jevtzc2.jpg,https://cdn.frazerphotos.com/22489/22489_000004089_qtb7ea1.jpg,https://cdn.frazerphotos.com/22489/22489_000004089_zi8p3f6.jpg,https://cdn.frazerphotos.com/22489/22489_000004089_d33604e.jpg,https://cdn.frazerphotos.com/22489/22489_000004089_qvh9q06.jpg,https://cdn.frazerphotos.com/22489/22489_000004089_kfabbug.jpg,https://cdn.frazerphotos.com/22489/22489_000004089_8t1g3p5.jpg,https://cdn.frazerphotos.com/22489/22489_000004089_9ai8ij9.jpg"
"22489","HIGH LIFE AUTO, LLC.","519 2ND STREET","FORT MADISON","IA","52627","Matt","319-372-8191","highlifeas@gmail.com","http://www.highlifeauto.com","4099","Used","NISSAN","JUKE","2014","    3500.00","172406","SUV","BLACK","","4","4 Cyl","Gasoline","Continuously Variable","FWD","","JN8AF5MR4ET353862","Air Conditioning, Power Windows, Power Locks, Power Steering, Tilt Wheel, AM/FM CD/MP3, Satellite, Immobilizer, Keyless Entry, Alarm, Dual Air Bags Front Head and Sides, Active Belts, All Wheel ABS","Video Test Drive (The Nitty Gritty): https://youtu.be/twVJ-z0rMK4         Just the Basics:     *    Runs and Drives Well.     *Tires are between 50% and 75%    *Came from St Louis--Less Rust     *Brand New Turbo!     *Traction Control Light (Yaw Sensor).     *Tire Pressure Light (Another Sensor)","https://cdn.frazerphotos.com/22489/22489_000004099_wrw2iou.jpg,https://cdn.frazerphotos.com/22489/22489_000004099_bbatlaw.jpg,https://cdn.frazerphotos.com/22489/22489_000004099_8zhezrb.jpg,https://cdn.frazerphotos.com/22489/22489_000004099_1dvd4zv.jpg,https://cdn.frazerphotos.com/22489/22489_000004099_ao3jis6.jpg,https://cdn.frazerphotos.com/22489/22489_000004099_tdqea38.jpg,https://cdn.frazerphotos.com/22489/22489_000004099_zvc7v9n.jpg,https://cdn.frazerphotos.com/22489/22489_000004099_fa3mzed.jpg,https://cdn.frazerphotos.com/22489/22489_000004099_d23jtzz.jpg,https://cdn.frazerphotos.com/22489/22489_000004099_61weg44.jpg,https://cdn.frazerphotos.com/22489/22489_000004099_871o6b3.jpg,https://cdn.frazerphotos.com/22489/22489_000004099_xg6pkrp.jpg,https://cdn.frazerphotos.com/22489/22489_4099_3940.jpg,https://cdn.frazerphotos.com/22489/22489_4099_3941.jpg"
"22489","HIGH LIFE AUTO, LLC.","519 2ND STREET","FORT MADISON","IA","52627","Matt","319-372-8191","highlifeas@gmail.com","http://www.highlifeauto.com","3570","Used","JEEP","WRANGLER UNLIMI","2011","   20000.00","113712","SUV","BLACK","BLACK","4","6 Cyl","Gasoline","Automatic","4WD","","1J4BA3H18BL539269","Air Conditioning, Available, Power Steering, Tilt Wheel, AM/FM CD/MP3, Satellite, AM/FM CD/DVD, Passive sentry key, Dual Front Airbags, Passenger Sensor, Active Belts, All Wheel ABS, Retractable Roof Panel","This has been my personal Jeep for a few years. I have done all the upgrades including a Rough Country lift and heavy suspension upgrade. It has nearly new 35'' tires and a regeared 5.13 rear end to make that adjustment flawless.     Has drive-in snow plow hook ups and a winch with synthetic rope.    It's not perfect and it gets driven all the time. But the frame is solid and it will take you anywhere you want to go.","https://cdn.frazerphotos.com/22489/22489_3570_3661.jpg,https://cdn.frazerphotos.com/22489/22489_3570_3662.jpg,https://cdn.frazerphotos.com/22489/22489_3570_3663.jpg,https://cdn.frazerphotos.com/22489/22489_3570_3664.jpg,https://cdn.frazerphotos.com/22489/22489_3570_3665.jpg,https://cdn.frazerphotos.com/22489/22489_3570_3666.jpg,https://cdn.frazerphotos.com/22489/22489_3570_3667.jpg,https://cdn.frazerphotos.com/22489/22489_3570_3668.jpg,https://cdn.frazerphotos.com/22489/22489_3570_3669.jpg,https://cdn.frazerphotos.com/22489/22489_3570_3670.jpg,https://cdn.frazerphotos.com/22489/22489_3570_3671.jpg,https://cdn.frazerphotos.com/22489/22489_3570_3672.jpg,https://cdn.frazerphotos.com/22489/22489_3570_3673.jpg,https://cdn.frazerphotos.com/22489/22489_3570_3674.jpg,https://cdn.frazerphotos.com/22489/22489_3570_3675.jpg,https://cdn.frazerphotos.com/22489/22489_3570_3676.jpg,https://cdn.frazerphotos.com/22489/22489_3570_3677.jpg,https://cdn.frazerphotos.com/22489/22489_3570_3678.jpg,https://cdn.frazerphotos.com/22489/22489_3570_3679.jpg,https://cdn.frazerphotos.com/22489/22489_3570_3680.jpg"
"22489","HIGH LIFE AUTO, LLC.","519 2ND STREET","FORT MADISON","IA","52627","Matt","319-372-8191","highlifeas@gmail.com","http://www.highlifeauto.com","3917","Used","SMOKER CRAFT","SUNCHASER","1991","    4500.00","1000","Boat","WHITE","WHITE","","6 Cyl","Gasoline","Automatic","","","SMK85788E191",""," Great running boat! 150 hp Mercury outboard motor. Seating for 9+.     I have had my family out in it multipe times. Has a ladder for easy entry when jumping off the boat and swimming.     Has a decent canopy on it that makes for nice boat rides.     Been winterized as long as I have had it.     Don't ask me to go lower. My wife already has my head on the chopping block for buying two boats when she was under anesthesia :)","https://cdn.frazerphotos.com/22489/22489_000003917_c3v4jjp.jpg,https://cdn.frazerphotos.com/22489/22489_000003917_q7987xq.jpg,https://cdn.frazerphotos.com/22489/22489_000003917_kaerml5.jpg,https://cdn.frazerphotos.com/22489/22489_000003917_9djd1hi.jpg,https://cdn.frazerphotos.com/22489/22489_000003917_6ow0n8r.jpg,https://cdn.frazerphotos.com/22489/22489_000003917_wlurtiy.jpg,https://cdn.frazerphotos.com/22489/22489_000003917_8fa885c.jpg,https://cdn.frazerphotos.com/22489/22489_000003917_ufguec1.jpg,https://cdn.frazerphotos.com/22489/22489_000003917_dy0twib.jpg,https://cdn.frazerphotos.com/22489/22489_3917_3750.jpg,https://cdn.frazerphotos.com/22489/22489_3917_3752.jpg,https://cdn.frazerphotos.com/22489/22489_3917_3753.jpg,https://cdn.frazerphotos.com/22489/22489_3917_3754.jpg,https://cdn.frazerphotos.com/22489/22489_3917_3755.jpg,https://cdn.frazerphotos.com/22489/22489_000003917_zb6bj3n.jpg"
"22489","HIGH LIFE AUTO, LLC.","519 2ND STREET","FORT MADISON","IA","52627","Matt","319-372-8191","highlifeas@gmail.com","http://www.highlifeauto.com","1725","Used","DODGE","RAM 3500","2004","    6000.00","337402","Truck","WHITE","","4","6 Cyl","Diesel","Automatic","4WD","","3D7MU48C64G122042","Air Conditioning, Power Windows, Power Locks, Power Steering, Tilt Wheel, AM/FM Cassette, AM/FM CD, Dual Front Air Bag, Active Belts, Crew Cab, Regular Bed, All Wheel ABS, 1 Ton","Currently in the repair shop. Will update as possible.","https://cdn.frazerphotos.com/22489/22489_000001725_xxllvjx.jpg,https://cdn.frazerphotos.com/22489/22489_000001725_jbh175l.jpg,https://cdn.frazerphotos.com/22489/22489_000001725_xdvvfs4.jpg,https://cdn.frazerphotos.com/22489/22489_000001725_zi3m3zw.jpg,https://cdn.frazerphotos.com/22489/22489_000001725_wda1oi9.jpg,https://cdn.frazerphotos.com/22489/22489_000001725_gpxkhj4.jpg,https://cdn.frazerphotos.com/22489/22489_000001725_nwzlhjo.jpg,https://cdn.frazerphotos.com/22489/22489_000001725_m6b0pjb.jpg,https://cdn.frazerphotos.com/22489/22489_000001725_gud5kdc.jpg"
"22489","HIGH LIFE AUTO, LLC.","519 2ND STREET","FORT MADISON","IA","52627","Matt","319-372-8191","highlifeas@gmail.com","http://www.highlifeauto.com","4227","Used","JEEP","COMPASS","2016","    3750.00","190835","SUV","BLACK","BLACK","4","4 Cyl","Gasoline","Continuously Variable","FWD","","1C4NJCBA0GD751810","Air Conditioning, Power Windows, Power Locks, Power Steering, Tilt Wheel, AM/FM CD/MP3, Satellite, Immobilizer, Keyless Entry, Available, Dual Airbags Front Head and Side, Active Seatbelts, Passenger Airbag Sensor, Dual Rear Side Airbag, All Wheel ABS","Video Test Drive (The Nitty Gritty): https://youtu.be/x1xEuhxHWCw         Just The Basics:     *    Runs and Drives Smooth    *Suspension Quiet. Brakes Good.     *Pulls (a little) to the right-Needs A Wheel Bearing (Part Included)     *Driver's Window Needs A Regulator","https://cdn.frazerphotos.com/22489/22489_000004227_569c0mv.jpg,https://cdn.frazerphotos.com/22489/22489_000004227_sly7k83.jpg,https://cdn.frazerphotos.com/22489/22489_000004227_4trw442.jpg,https://cdn.frazerphotos.com/22489/22489_000004227_rpxziw6.jpg,https://cdn.frazerphotos.com/22489/22489_000004227_r4cpvhd.jpg,https://cdn.frazerphotos.com/22489/22489_000004227_y5dxn07.jpg,https://cdn.frazerphotos.com/22489/22489_000004227_bnmnqp7.jpg,https://cdn.frazerphotos.com/22489/22489_000004227_uy1szbd.jpg,https://cdn.frazerphotos.com/22489/22489_000004227_famxti4.jpg,https://cdn.frazerphotos.com/22489/22489_000004227_gi5t52b.jpg,https://cdn.frazerphotos.com/22489/22489_000004227_cbtd8gz.jpg,https://cdn.frazerphotos.com/22489/22489_000004227_u81cjsk.jpg"
"22489","HIGH LIFE AUTO, LLC.","519 2ND STREET","FORT MADISON","IA","52627","Matt","319-372-8191","highlifeas@gmail.com","http://www.highlifeauto.com","4224","Used","VOLVO","S60","2008","    2300.00","233858","Sedan","SILVER","BLACK","4","5 Cyl","Gasoline","Automatic","FWD","","YV1RS592182700588","Air Conditioning, Power Windows, Power Locks, Power Steering, Tilt Wheel, AM/FM CD/MP3, Satellite, Immobilizer, Keyless Entry, Alarm, Daytime Running Lights, Dual Airbags Front Head and Side, Active Seatbelts, Passenger Airbag Sensor, All Wheel ABS","Video Test Drive (The Nitty Gritty): https://youtu.be/V8td3H6DwHs         Just the Basics:    *    The timing was already done on this at 145k miles!    *    Drives well with good power and smooth acceleration.    *    Quiet suspension. Good Brakes.     *    Leather, Cold AC    *    Tires 50%-75%    *    Body in decent shape-Just a few ''dings'' (Cracked Windshield/Headlight covers, Driver's mirror broken)    *    Anti Skid Service Light is on (Traction Control), RR Window Inop, Sunroof, Inop","https://cdn.frazerphotos.com/22489/22489_000004224_0uq3sf2.jpg,https://cdn.frazerphotos.com/22489/22489_000004224_4zntc2e.jpg,https://cdn.frazerphotos.com/22489/22489_000004224_i6pki30.jpg,https://cdn.frazerphotos.com/22489/22489_000004224_bm1elc9.jpg,https://cdn.frazerphotos.com/22489/22489_000004224_xpycbrd.jpg,https://cdn.frazerphotos.com/22489/22489_000004224_i8hbed3.jpg,https://cdn.frazerphotos.com/22489/22489_000004224_e3k0gl2.jpg,https://cdn.frazerphotos.com/22489/22489_000004224_pjvj6jj.jpg,https://cdn.frazerphotos.com/22489/22489_000004224_bkbif28.jpg,https://cdn.frazerphotos.com/22489/22489_000004224_hspxmsk.jpg,https://cdn.frazerphotos.com/22489/22489_000004224_z1dro3s.jpg,https://cdn.frazerphotos.com/22489/22489_4224_3924.jpg,https://cdn.frazerphotos.com/22489/22489_4224_3925.jpg"
"22489","HIGH LIFE AUTO, LLC.","519 2ND STREET","FORT MADISON","IA","52627","Matt","319-372-8191","highlifeas@gmail.com","http://www.highlifeauto.com","4258","Used","FORD","EXPLORER","2002","    1900.00","185391","Mid-Size","SILVER","GRAY","4","6 Cyl","Gasoline","Automatic","4WD","","1FMZU77E22UC81375","Air Conditioning, Power Windows, Power Locks, Power Steering, Tilt Wheel, AM/FM CD, Pass Key Security, Dual Front Air Bag, Active Belts, Sport Utility Cab, All Wheel ABS","Video Test Drive URL (The Nitty Gritty): https://youtu.be/6q8uWp83gew        Just the Basics:    *    Tires about 50%      *  New wheel bearing, fixed taillight, fresh oil change.    *    Good running truck. 4x4 works.         *All side windows inop (pretty sure it's a wiring issue in the driver's door), Rear sliding window works    *    A couple cosmetic dings and tears    *    AC not blowing cold        *This is the truck that I put my 16 year old son in until he decided to go with a fuel efficient car. Any of you with kids knows that a momma ain't gonna put her baby in a car that ain't gonna get him where he needs to go. It may not be the prettiest or the fanciest and it may still need a few things, but the bones are solid.       *UPDATE* When it got cold, I parked it up on the hill in the snow and mud. When I pulled it down, it had a couple codes on it for the two front wheel speed sensors and the ABS pump. The brakes are soft and the 4x4 doesn't engage. I THINK something just got rattled around that I need to tinker with. Check with me on this.","https://cdn.frazerphotos.com/22489/22489_000004258_qdafsx0.jpg,https://cdn.frazerphotos.com/22489/22489_000004258_b8gh9hk.jpg,https://cdn.frazerphotos.com/22489/22489_000004258_tvmurjt.jpg,https://cdn.frazerphotos.com/22489/22489_000004258_8y4eb53.jpg,https://cdn.frazerphotos.com/22489/22489_000004258_q5ll60o.jpg,https://cdn.frazerphotos.com/22489/22489_000004258_u3o6oo6.jpg,https://cdn.frazerphotos.com/22489/22489_000004258_bk5gkhx.jpg,https://cdn.frazerphotos.com/22489/22489_000004258_wnsor8f.jpg,https://cdn.frazerphotos.com/22489/22489_000004258_jyaql6f.jpg,https://cdn.frazerphotos.com/22489/22489_000004258_l2wg3kg.jpg,https://cdn.frazerphotos.com/22489/22489_000004258_17ca0in.jpg,https://cdn.frazerphotos.com/22489/22489_4258_3920.jpg,https://cdn.frazerphotos.com/22489/22489_4258_3921.jpg"
"22489","HIGH LIFE AUTO, LLC.","519 2ND STREET","FORT MADISON","IA","52627","Matt","319-372-8191","highlifeas@gmail.com","http://www.highlifeauto.com","4249","Used","DODGE","CHARGER","2018","    7500.00","195183","Sedan","BLACK","BLACK","4","8 Cyl","Gasoline","Automatic","RWD","","2C3CDXCT9JH125046","Air Conditioning, Power Windows, Power Locks, Power Steering, Tilt Wheel, AM/FM CD/MP3, Satellite, Sentry Key, Keyless Entry, Alarm, Daytime Running Lights, Dual Front Airbags, Side Airbags, Head Airbags, Rear Head Airbags, Active Seatbelts, All Wheel ABS","Video Test Drive (The Nitty Gritty): https://youtu.be/wJuaFkvSVlU         Just The Basics:       *  5.7L Hemi       *Runs and Drives Great!     *Cold AC, Heated Seats.     *Smooth Suspension. Good Brakes.     *Not a showroom perfect car--but it will get you where you need to go.","https://cdn.frazerphotos.com/22489/22489_000004249_fgyedbo.jpg,https://cdn.frazerphotos.com/22489/22489_000004249_85dz2rx.jpg,https://cdn.frazerphotos.com/22489/22489_000004249_ps5xpoe.jpg,https://cdn.frazerphotos.com/22489/22489_000004249_4jhw6xc.jpg,https://cdn.frazerphotos.com/22489/22489_000004249_106t5xe.jpg,https://cdn.frazerphotos.com/22489/22489_000004249_wothf61.jpg,https://cdn.frazerphotos.com/22489/22489_000004249_h0hqvg4.jpg,https://cdn.frazerphotos.com/22489/22489_000004249_d8fx413.jpg,https://cdn.frazerphotos.com/22489/22489_000004249_4r48pv6.jpg,https://cdn.frazerphotos.com/22489/22489_000004249_bj5bmte.jpg,https://cdn.frazerphotos.com/22489/22489_000004249_vnz7pq8.jpg,https://cdn.frazerphotos.com/22489/22489_4249_3922.jpg,https://cdn.frazerphotos.com/22489/22489_4249_3923.jpg"
"22489","HIGH LIFE AUTO, LLC.","519 2ND STREET","FORT MADISON","IA","52627","Matt","319-372-8191","highlifeas@gmail.com","http://www.highlifeauto.com","4273","Used","TOYOTA","CAMRY SOLARA","2008","    2000.00","192093","Convertible","RED","TAN","2","6 Cyl","Gasoline","Automatic","FWD","","4T1FA38P68U156554","Air Conditioning, Power Windows, Power Locks, Power Steering, Tilt Wheel, AM/FM CD/MP3, Satellite, Immobilizer, Keyless Entry, Daytime Running Lights, Dual Front Airbags, Side Airbags, Head Airbags, Rear Head Airbags, Active Seatbelts, All Wheel ABS","Video Test Drive (The Nitty Gritty): https://youtu.be/-rM9WfMEngs         Just the Basics:     *    Runs and drives good     *Convertible top opens and closes the way it should and doesn't leak     *Drives smooth-no suspension noise, good brakes     *Tires: 40%-50%     *Exhaust is a little louder.","https://cdn.frazerphotos.com/22489/22489_000004273_lfhp2s7.jpg,https://cdn.frazerphotos.com/22489/22489_000004273_yui65x2.jpg,https://cdn.frazerphotos.com/22489/22489_000004273_x81vz40.jpg,https://cdn.frazerphotos.com/22489/22489_000004273_hwh1ltg.jpg,https://cdn.frazerphotos.com/22489/22489_000004273_r12mefm.jpg,https://cdn.frazerphotos.com/22489/22489_000004273_1vw0th2.jpg,https://cdn.frazerphotos.com/22489/22489_000004273_8acdgca.jpg,https://cdn.frazerphotos.com/22489/22489_000004273_azccefg.jpg,https://cdn.frazerphotos.com/22489/22489_000004273_b2ms7c1.jpg,https://cdn.frazerphotos.com/22489/22489_000004273_dymj3e3.jpg,https://cdn.frazerphotos.com/22489/22489_000004273_dyqox7w.jpg,https://cdn.frazerphotos.com/22489/22489_000004273_8lkihky.jpg,https://cdn.frazerphotos.com/22489/22489_000004273_sxbl68h.jpg"
"22489","HIGH LIFE AUTO, LLC.","519 2ND STREET","FORT MADISON","IA","52627","Matt","319-372-8191","highlifeas@gmail.com","http://www.highlifeauto.com","3759","Used","CF MOTO","600","2019","    3900.00","950","Mid-Size","ORANGE","BLACK","","","Gasoline","Automatic","","","LCELDUZ41K6004573","","*Great running 4 Wheeler.     *We have used it for a couple years.     *Has low miles and has been maintained as we have used it.     *Have used for snow plowing in the winter and weed spraying in the spring/summer and general leisure.      *  Will get a video test drive as soon as possible.    *    MUST MAKE AN APPOINTMENT to see because it may be at my house on any given day.","https://cdn.frazerphotos.com/22489/22489_3759_3486.jpg,https://cdn.frazerphotos.com/22489/22489_3759_3480.jpg,https://cdn.frazerphotos.com/22489/22489_3759_3479.jpg,https://cdn.frazerphotos.com/22489/22489_3759_3481.jpg"
"22489","HIGH LIFE AUTO, LLC.","519 2ND STREET","FORT MADISON","IA","52627","Matt","319-372-8191","highlifeas@gmail.com","http://www.highlifeauto.com","4291","Used","CAN AM","MAVERICK","2020","    8000.00","1275","Mid-Size","BLACK","BLACK","","","Gasoline","Automatic","","","3JB1GAN45LK001064","","*Great running side by side.         *Brand new front end. Replaced Suspension Parts.     *Fresh Oil Change.         *Will get a video test drive as soon as possible.         *MUST MAKE AN APPOINTMENT to see as it may be at our house on any given day. This is currently my favorite ''toy''...serious buyers only. Firm on price. No trades.","https://cdn.frazerphotos.com/22489/22489_4291_3826.jpg,https://cdn.frazerphotos.com/22489/22489_4291_3827.jpg,https://cdn.frazerphotos.com/22489/22489_4291_3828.jpg,https://cdn.frazerphotos.com/22489/22489_4291_3829.jpg,https://cdn.frazerphotos.com/22489/22489_4291_3830.jpg"
"22489","HIGH LIFE AUTO, LLC.","519 2ND STREET","FORT MADISON","IA","52627","Matt","319-372-8191","highlifeas@gmail.com","http://www.highlifeauto.com","3979","Used","NISSAN","FRONTIER","2011","    5000.00","141088","Pick-Up","BLACK","","4","6 Cyl","Gasoline","Automatic","4WD","","1N6AD0EV4BC400462","Tilt Wheel, Immobilizer, Keyless Entry, Dual Front Airbags, Side Airbags, Head Airbags, Rear Head Airbags, Active Seatbelts, Crew Cab, Regular Bed, All Wheel ABS","Video Test Drive URL: (The Nitty Gritty) https://youtu.be/M7P-RhESt6o?si=thma4xj3KitDLO_D        Just the Basics:        *This truck runs and drives well. Motor sounds good and it shifts the way it's supposed to.     *4x4 works. Brakes and suspension are solid.     *    Passenger side window likely needs a regulator.     *    Recent Major Maintenance & Repairs:     Brand new Nissan OEM fuel pump installed.    New Nissan OEM crank and cam sensors. Still seems to have a longer crank than normal (I think).     Brand new battery (installed November/December last year).","https://cdn.frazerphotos.com/22489/22489_000003979_thg9ggy.jpg,https://cdn.frazerphotos.com/22489/22489_000003979_kkg47xd.jpg,https://cdn.frazerphotos.com/22489/22489_000003979_5ohoxgg.jpg,https://cdn.frazerphotos.com/22489/22489_000003979_lsdryk3.jpg,https://cdn.frazerphotos.com/22489/22489_000003979_vryhbs6.jpg,https://cdn.frazerphotos.com/22489/22489_000003979_17nnpuw.jpg,https://cdn.frazerphotos.com/22489/22489_000003979_wup3dxj.jpg,https://cdn.frazerphotos.com/22489/22489_000003979_h36pid7.jpg,https://cdn.frazerphotos.com/22489/22489_000003979_l26acww.jpg,https://cdn.frazerphotos.com/22489/22489_000003979_yek2dyl.jpg,https://cdn.frazerphotos.com/22489/22489_000003979_lk5y3cg.jpg,https://cdn.frazerphotos.com/22489/22489_3979_3948.jpg,https://cdn.frazerphotos.com/22489/22489_3979_3947.jpg"
"22489","HIGH LIFE AUTO, LLC.","519 2ND STREET","FORT MADISON","IA","52627","Matt","319-372-8191","highlifeas@gmail.com","http://www.highlifeauto.com","4310","Used","BUICK","ENCORE","2013","    3000.00","181028","SUV","BLACK","BLACK","4","4 Cyl","Gasoline","Automatic","AWD","","KL4CJFSB5DB105181","Air Conditioning, Power Windows, Power Locks, Power Steering, Tilt Wheel, AM/FM CD/MP3, Satellite, AM/FM CD/DVD, Sentry Key, Keyless Entry, Alarm, Daytime Running Lights, Dual Front Airbags, Side Airbags, Head Airbags, Rear Head Airbags, Active Seatbelts, All Wheel ABS","Virtual Test Drive URL (The Nitty Gritty): https://youtu.be/Dxhl4pKS-Tw    Just the Basics:    *AWD, fuel efficient SUV with backup cam     *Drives well. Brakes good.     *Tires 35%-45% all the way around    *Auction said they heard some suspension noise, but I didn't hear anything.     *AC blows cold, BUT blower motor is pretty loud","https://cdn.frazerphotos.com/22489/22489_000004310_cn3tetf.jpg,https://cdn.frazerphotos.com/22489/22489_000004310_9ht6pfx.jpg,https://cdn.frazerphotos.com/22489/22489_000004310_usm7cti.jpg,https://cdn.frazerphotos.com/22489/22489_000004310_8quztld.jpg,https://cdn.frazerphotos.com/22489/22489_000004310_t30xvxq.jpg,https://cdn.frazerphotos.com/22489/22489_000004310_9iy4ohv.jpg,https://cdn.frazerphotos.com/22489/22489_000004310_19dkjhl.jpg,https://cdn.frazerphotos.com/22489/22489_000004310_9ctkjv2.jpg,https://cdn.frazerphotos.com/22489/22489_000004310_dr7aaag.jpg,https://cdn.frazerphotos.com/22489/22489_000004310_1w38xk9.jpg,https://cdn.frazerphotos.com/22489/22489_000004310_f9hxq1x.jpg,https://cdn.frazerphotos.com/22489/22489_000004310_cab7ovg.jpg,https://cdn.frazerphotos.com/22489/22489_4310_3874.jpg,https://cdn.frazerphotos.com/22489/22489_4310_3875.jpg"
"22489","HIGH LIFE AUTO, LLC.","519 2ND STREET","FORT MADISON","IA","52627","Matt","319-372-8191","highlifeas@gmail.com","http://www.highlifeauto.com","4329","Used","JEEP","WRANGLER UNLIMI","2011","    7500.00","193743","SUV","BLACK","","4","6 Cyl","Gasoline","4-Speed Manual","4WD","","1J4BA3H17BL587586","Air Conditioning, Available, Power Steering, Tilt Wheel, AM/FM CD/MP3, Satellite, AM/FM CD/DVD, Passive sentry key, Dual Front Airbags, Passenger Sensor, Active Belts, All Wheel ABS, Retractable Roof Panel","Video Test Drive URL (The Nitty Gritty): https://youtu.be/cf7VRuvmClk        Just the Basics:    *    6 Spd Manual transmission     *193k Miles    *    Tires about 40% all the way around.     *    No check engine lights, but gate open light is on    *    Aftermarket radio-no sound?    *    AC works.     *Drives Good.       *  Cruise buttons don't seem to work","https://cdn.frazerphotos.com/22489/22489_000004329_72umrsx.jpg,https://cdn.frazerphotos.com/22489/22489_000004329_zi5kvyo.jpg,https://cdn.frazerphotos.com/22489/22489_000004329_48k3gai.jpg,https://cdn.frazerphotos.com/22489/22489_000004329_2qr1i5e.jpg,https://cdn.frazerphotos.com/22489/22489_000004329_9h2dj3k.jpg,https://cdn.frazerphotos.com/22489/22489_000004329_syxayj8.jpg,https://cdn.frazerphotos.com/22489/22489_000004329_qqkvqmr.jpg,https://cdn.frazerphotos.com/22489/22489_000004329_qv2cxpw.jpg,https://cdn.frazerphotos.com/22489/22489_000004329_wock3iw.jpg,https://cdn.frazerphotos.com/22489/22489_000004329_zopg3sp.jpg,https://cdn.frazerphotos.com/22489/22489_000004329_jznyycz.jpg,https://cdn.frazerphotos.com/22489/22489_000004329_dqwy1ci.jpg,https://cdn.frazerphotos.com/22489/22489_4329_3852.jpg,https://cdn.frazerphotos.com/22489/22489_4329_3853.jpg"
"22489","HIGH LIFE AUTO, LLC.","519 2ND STREET","FORT MADISON","IA","52627","Matt","319-372-8191","highlifeas@gmail.com","http://www.highlifeauto.com","4305","Used","JEEP","GRAND CHEROKEE","2019","    9500.00","146139","SUV","BLACK","","4","6 Cyl","Gasoline","Automatic","4WD","","1C4RJFLG8KC530010","Air Conditioning, Power Windows, Power Locks, Power Steering, Tilt Wheel, AM/FM CD/MP3, Satellite, Sentry Key, Keyless Entry, Alarm, Daytime Running Lights, Dual Airbags Front Head and Side, Active Seatbelts, Passenger Airbag Sensor, Dual Rear Side Airbag, All Wheel ABS","Video Test Drive URL (The Nitty Gritty): https://youtu.be/q99ReHI1JKc     Just the Basics:     *146K Miles (but this increases as we have routinely used this as a driver)    *Kevlar Tires about 45%    *Good looking body. Black leather interior in good condition.     *Oil Change is current-has been maintained!     *Runs, Drives, Starts, Stops and Steers the way it should.     *The auction announced ''motor noise'' (listen to video), but I don't hear anything abnormal--just your typical 3.6 engine tick.     *Starter and auxiliary battery Replaced (Auto Stop Light from video not on anymore)     *Check Engine Light On: P0456 Evaporative Emission System-Small Leak Detected, P0158 O2 Sensor Circuit High Voltage (Bank 2, Sensor 2), P1E0A Closed Loop Fueling Not Achieved (Bank 2, Downstream)","https://cdn.frazerphotos.com/22489/22489_000004305_uau427p.jpg,https://cdn.frazerphotos.com/22489/22489_000004305_keq90cx.jpg,https://cdn.frazerphotos.com/22489/22489_000004305_rultvlm.jpg,https://cdn.frazerphotos.com/22489/22489_000004305_1vxtewx.jpg,https://cdn.frazerphotos.com/22489/22489_000004305_aqb9i57.jpg,https://cdn.frazerphotos.com/22489/22489_000004305_q6in7wp.jpg,https://cdn.frazerphotos.com/22489/22489_000004305_cbvps1f.jpg,https://cdn.frazerphotos.com/22489/22489_000004305_o2yp7nd.jpg,https://cdn.frazerphotos.com/22489/22489_000004305_a56ub93.jpg,https://cdn.frazerphotos.com/22489/22489_000004305_4wrbtbp.jpg,https://cdn.frazerphotos.com/22489/22489_000004305_krbr0uu.jpg,https://cdn.frazerphotos.com/22489/22489_4305_3886.jpg,https://cdn.frazerphotos.com/22489/22489_4305_3887.jpg"
"22489","HIGH LIFE AUTO, LLC.","519 2ND STREET","FORT MADISON","IA","52627","Matt","319-372-8191","highlifeas@gmail.com","http://www.highlifeauto.com","4323","Used","CHRYSLER","200","2013","     999.00","200257","Sedan","WHITE","BLACK","4","6 Cyl","Gasoline","Automatic","FWD","","1C3CCBCG8DN504463","Air Conditioning, Power Windows, Power Locks, Power Steering, Tilt Wheel, AM/FM CD/DVD, Satellite, Sentry Key, Keyless Entry, Alarm, Available, Dual Front Airbags, Side Airbags, Head Airbags, Rear Head Airbags, Active Seatbelts, All Wheel ABS, Retractable Roof Panel","*The engine sounds very smooth, and has a decent body inside and out overall. The car is very quiet and smooth even when trying to drive it, I almost didn't notice an issue until I noticed the RPM gauge and that it wasn't upshifting like it should.     *The car only had one gear in forward and reverse. In my experience this is most likely an electrical issue rather than a mechanical issue.  We believe this car to have a bad valve body. stuck in 1st gear. (Roughly $175 on ebay)    *We will try to get it in for repair, but until then the price reflects the way it is.","https://cdn.frazerphotos.com/22489/22489_000004323_ye9o4u0.jpg,https://cdn.frazerphotos.com/22489/22489_000004323_yyhiims.jpg,https://cdn.frazerphotos.com/22489/22489_000004323_mgv9z0b.jpg,https://cdn.frazerphotos.com/22489/22489_000004323_iodatol.jpg,https://cdn.frazerphotos.com/22489/22489_000004323_ub3o73l.jpg,https://cdn.frazerphotos.com/22489/22489_000004323_6g8jbs6.jpg,https://cdn.frazerphotos.com/22489/22489_000004323_u2cm2vi.jpg,https://cdn.frazerphotos.com/22489/22489_000004323_bbnh916.jpg,https://cdn.frazerphotos.com/22489/22489_4323_3981.jpg,https://cdn.frazerphotos.com/22489/22489_4323_3982.jpg"
"22489","HIGH LIFE AUTO, LLC.","519 2ND STREET","FORT MADISON","IA","52627","Matt","319-372-8191","highlifeas@gmail.com","http://www.highlifeauto.com","4321","Used","JEEP","LIBERTY","2004","    1350.00","224566","SUV","BLACK","TAN","4","6 Cyl","Gasoline","Automatic","4WD","","1J4GL58K84W175604","Air Conditioning, Power Windows, Power Locks, Power Steering, Tilt Wheel, AM/FM CD, Dual Front Air Bag, Active Belts, All Wheel ABS","Virtual Test Drive URL ( The Nitty Gritty): https://youtu.be/RIUCFOA4Jt8    **Seriously watch this for the BEST description that you NEED for this specific vehicle**    Just the Basics:     *NOT A PERFECT ''DRIVE ACROSS THE COUNTRY RIGHT NOW'' VEHICLE    *Rusty rockers--All Liberty's this generation did it.    *Tires about 45% all the way around.     *No Check Engine Lights.     *Drives good. Has good power. 4x4 Works. AC Works    *Odometer MAY be inaccurate. Oil Light on Dash. Tire Pressure Light.    *Brake Pads Need Replaced.     *Cruise (Button) does not engage","https://cdn.frazerphotos.com/22489/22489_000004321_42pd0jp.jpg,https://cdn.frazerphotos.com/22489/22489_000004321_yddfdvl.jpg,https://cdn.frazerphotos.com/22489/22489_000004321_oz15l4n.jpg,https://cdn.frazerphotos.com/22489/22489_000004321_hkcmsnx.jpg,https://cdn.frazerphotos.com/22489/22489_000004321_mi58s1j.jpg,https://cdn.frazerphotos.com/22489/22489_000004321_8hab7ms.jpg,https://cdn.frazerphotos.com/22489/22489_000004321_mwe0zzc.jpg,https://cdn.frazerphotos.com/22489/22489_000004321_cqszza7.jpg,https://cdn.frazerphotos.com/22489/22489_000004321_sy828q3.jpg,https://cdn.frazerphotos.com/22489/22489_000004321_dlk82ko.jpg,https://cdn.frazerphotos.com/22489/22489_000004321_ktbuzsp.jpg,https://cdn.frazerphotos.com/22489/22489_000004321_0axubvp.jpg,https://cdn.frazerphotos.com/22489/22489_4321_3856.jpg,https://cdn.frazerphotos.com/22489/22489_4321_3857.jpg"
"22489","HIGH LIFE AUTO, LLC.","519 2ND STREET","FORT MADISON","IA","52627","Matt","319-372-8191","highlifeas@gmail.com","http://www.highlifeauto.com","4337","Used","CHEVROLET","EQUINOX","2010","    1750.00","307342","SUV","GRAY","GRAY","4","4 Cyl","Gasoline","Automatic","AWD","","2CNFLEEW4A6206485","Air Conditioning, Power Windows, Power Locks, Power Steering, Tilt Wheel, AM/FM CD/MP3, Satellite, AM/FM CD/DVD, Immobilizer, Keyless Entry, Alarm, Daytime Running Lights, Dual Airbags Front Head and Side, Active Seatbelts, Passenger Airbag Sensor, All Wheel ABS","Virtual Test Drive URL (The Nitty Gritty): https://youtu.be/LqPC7-I8bcg?si=gXPxyhRrIYhYoF6r        Just the Basics:    *    Tires about 25% to 30%         *Vehicle drives very well (despite wheel bearing noise).     *Brakes in good condition. Suspension seems tight.         *Appears to have been maintained which is worth its weight in gold        *Cracked windshield (not in driver's view)        *Check engine light, tire pressure light, AWD light (likely due to a wheel bearing)","https://cdn.frazerphotos.com/22489/22489_000004337_91mqcre.jpg,https://cdn.frazerphotos.com/22489/22489_000004337_24aphjc.jpg,https://cdn.frazerphotos.com/22489/22489_000004337_wwinii3.jpg,https://cdn.frazerphotos.com/22489/22489_000004337_4ce4ik4.jpg,https://cdn.frazerphotos.com/22489/22489_000004337_ymo2jwn.jpg,https://cdn.frazerphotos.com/22489/22489_000004337_italwsw.jpg,https://cdn.frazerphotos.com/22489/22489_000004337_jac065y.jpg,https://cdn.frazerphotos.com/22489/22489_000004337_5wnwy4n.jpg,https://cdn.frazerphotos.com/22489/22489_000004337_7qdv5lt.jpg,https://cdn.frazerphotos.com/22489/22489_000004337_bmoy4rn.jpg,https://cdn.frazerphotos.com/22489/22489_000004337_3nxg6os.jpg,https://cdn.frazerphotos.com/22489/22489_000004337_krekuaq.jpg,https://cdn.frazerphotos.com/22489/22489_4337_3916.jpg,https://cdn.frazerphotos.com/22489/22489_4337_3915.jpg"
"22489","HIGH LIFE AUTO, LLC.","519 2ND STREET","FORT MADISON","IA","52627","Matt","319-372-8191","highlifeas@gmail.com","http://www.highlifeauto.com","4282","Used","CHEVROLET","SILVERADO 1500","2011","    4500.00","227795","Pick-Up","GRAY","","4","8 Cyl","Gasoline","Automatic","4WD","","3GCPKSE31BG317050","Air Conditioning, Power Windows, Power Locks, Power Steering, Tilt Wheel, AM/FM CD/MP3, Satellite, Active keyless entry, Daytime Running Lights, Dual Airbags Front Head and Side, Active Seatbelts, Passenger Airbag Sensor, Crew Cab, Short Bed, All Wheel ABS, 1/2 Ton","Virtual Test Drive URL (The Nitty Gritty): https://youtu.be/cFActwcPORs         Just the Basics:         *Nice looking, lifted Chevy with normal Chevy cosmetic stuff         *Newer transmission-175K miles         *Drives good. Accelerates well. Stops solid.         *Tires-Matching @ Least 75% tread         *Obvious rear end damage-Tailgate doesn't open         *ABS/Trac Light     Needs a little bit of ''button love''-climate control, windows     4x4 seems to work, but service 4x4 light is on     *    Louder exhaust, rusty underneath","https://cdn.frazerphotos.com/22489/22489_000004282_sm23x30.jpg,https://cdn.frazerphotos.com/22489/22489_000004282_z2zzeer.jpg,https://cdn.frazerphotos.com/22489/22489_000004282_wtpzyoa.jpg,https://cdn.frazerphotos.com/22489/22489_000004282_4pu9j1n.jpg,https://cdn.frazerphotos.com/22489/22489_000004282_gwo40fv.jpg,https://cdn.frazerphotos.com/22489/22489_000004282_p4dzusq.jpg,https://cdn.frazerphotos.com/22489/22489_000004282_iq31omn.jpg,https://cdn.frazerphotos.com/22489/22489_000004282_ozvrtah.jpg,https://cdn.frazerphotos.com/22489/22489_000004282_oem9ito.jpg,https://cdn.frazerphotos.com/22489/22489_000004282_sd0pzpv.jpg,https://cdn.frazerphotos.com/22489/22489_4282_3894.jpg,https://cdn.frazerphotos.com/22489/22489_4282_3895.jpg"
"22489","HIGH LIFE AUTO, LLC.","519 2ND STREET","FORT MADISON","IA","52627","Matt","319-372-8191","highlifeas@gmail.com","http://www.highlifeauto.com","4252","Used","DODGE","CHARGER","2018","   23500.00","573","Sedan","RED","BLACK","4","8 Cyl","Gasoline","Automatic","RWD","","2C3CDXGJ7JH230452","Air Conditioning, Power Windows, Power Locks, Power Steering, Tilt Wheel, AM/FM CD/MP3, Satellite, Sentry Key, Keyless Entry, Alarm, Daytime Running Lights, Dual Front Airbags, Side Airbags, Head Airbags, Rear Head Airbags, Active Seatbelts, All Wheel ABS","","https://cdn.frazerphotos.com/22489/22489_000004252_3n67mgp.jpg,https://cdn.frazerphotos.com/22489/22489_000004252_ix642ns.jpg,https://cdn.frazerphotos.com/22489/22489_000004252_dj3bj8h.jpg,https://cdn.frazerphotos.com/22489/22489_000004252_o73docm.jpg,https://cdn.frazerphotos.com/22489/22489_000004252_c7ujfhn.jpg,https://cdn.frazerphotos.com/22489/22489_000004252_0uo8ajb.jpg,https://cdn.frazerphotos.com/22489/22489_000004252_bucapii.jpg,https://cdn.frazerphotos.com/22489/22489_000004252_9isg5hw.jpg,https://cdn.frazerphotos.com/22489/22489_000004252_gnglhg7.jpg,https://cdn.frazerphotos.com/22489/22489_000004252_hnemtzg.jpg,https://cdn.frazerphotos.com/22489/22489_000004252_92ajjkt.jpg,https://cdn.frazerphotos.com/22489/22489_000004252_zgyxcs4.jpg,https://cdn.frazerphotos.com/22489/22489_000004252_kab6gud.jpg,https://cdn.frazerphotos.com/22489/22489_000004252_5naaplm.jpg,https://cdn.frazerphotos.com/22489/22489_000004252_fy6kkg0.jpg,https://cdn.frazerphotos.com/22489/22489_000004252_q8c77ha.jpg,https://cdn.frazerphotos.com/22489/22489_000004252_ywqceky.jpg,https://cdn.frazerphotos.com/22489/22489_000004252_ctccbfw.jpg,https://cdn.frazerphotos.com/22489/22489_000004252_y55lqw2.jpg,https://cdn.frazerphotos.com/22489/22489_000004252_367hlu1.jpg,https://cdn.frazerphotos.com/22489/22489_000004252_r7a8npz.jpg,https://cdn.frazerphotos.com/22489/22489_000004252_l0fvs29.jpg,https://cdn.frazerphotos.com/22489/22489_000004252_tvmf5fs.jpg,https://cdn.frazerphotos.com/22489/22489_000004252_dkpfuoj.jpg,https://cdn.frazerphotos.com/22489/22489_000004252_5uldp79.jpg,https://cdn.frazerphotos.com/22489/22489_000004252_9zurr3q.jpg,https://cdn.frazerphotos.com/22489/22489_000004252_gdayt27.jpg,https://cdn.frazerphotos.com/22489/22489_000004252_ib9fb34.jpg"
"22489","HIGH LIFE AUTO, LLC.","519 2ND STREET","FORT MADISON","IA","52627","Matt","319-372-8191","highlifeas@gmail.com","http://www.highlifeauto.com","4160","Used","CHRYSLER","PACIFICA","2020","   13500.00","206000","Van","GRAY","GRAY","4","6 Cyl","Gasoline","Automatic","AWD","","2C4RC3BG8LR278357","Air Conditioning, Power Windows, Power Locks, Power Steering, Tilt Wheel, AM/FM CD/MP3, Satellite, Sentry Key, Keyless Entry, Alarm, Daytime Running Lights, Dual Front Airbags, Side Airbags, Head Airbags, Rear Head Airbags, Active Seatbelts, All Wheel ABS","","https://cdn.frazerphotos.com/22489/22489_000004160_nom3r2g.jpg,https://cdn.frazerphotos.com/22489/22489_000004160_x4udfrr.jpg,https://cdn.frazerphotos.com/22489/22489_000004160_5ojclbl.jpg,https://cdn.frazerphotos.com/22489/22489_000004160_z59ax0s.jpg,https://cdn.frazerphotos.com/22489/22489_000004160_zmoa7ih.jpg,https://cdn.frazerphotos.com/22489/22489_000004160_vyzp67e.jpg,https://cdn.frazerphotos.com/22489/22489_000004160_uri4ouu.jpg,https://cdn.frazerphotos.com/22489/22489_000004160_k7n907e.jpg,https://cdn.frazerphotos.com/22489/22489_000004160_8auxgnk.jpg,https://cdn.frazerphotos.com/22489/22489_000004160_3w6j9dc.jpg,https://cdn.frazerphotos.com/22489/22489_000004160_mfwx9pz.jpg,https://cdn.frazerphotos.com/22489/22489_000004160_fch7lat.jpg,https://cdn.frazerphotos.com/22489/22489_000004160_hlkidh2.jpg,https://cdn.frazerphotos.com/22489/22489_000004160_vxqs7xz.jpg,https://cdn.frazerphotos.com/22489/22489_000004160_xycszng.jpg,https://cdn.frazerphotos.com/22489/22489_000004160_sbovwhb.jpg,https://cdn.frazerphotos.com/22489/22489_000004160_3tdywdt.jpg"
"22489","HIGH LIFE AUTO, LLC.","519 2ND STREET","FORT MADISON","IA","52627","Matt","319-372-8191","highlifeas@gmail.com","http://www.highlifeauto.com","4341","Used","CHEVROLET","SUBURBAN","2002","     999.00","229066","SUV","TAN","TAN","4","8 Cyl","Gasoline","Automatic","4WD","","1GNFK16Z32J205848","Air Conditioning, Power Windows, Power Locks, Power Steering, Tilt Wheel, AM/FM CD, Daytime Running Lights, Dual Air Bags Front and Sides, Active Belts, All Wheel ABS","Virtual Test Drive URL: https://youtu.be/p49SH88ej9s    Just the Basics:  *Body is in fairly good condition for it's age, but it IS redneck-ified  *Tires about 40%  *3rd row, Leather, 4x4, Captains seats, Sunroof  *229k miles  *5.3 Motor sounds good and drives smoothly up through first gear.  *Suspension and brakes seem solid.   *CEL-P502 and O2 sensors-Selling cheap until I get it fixed. I will be attempting to get it looked at as soon as I can, because I DON'T think it's a bad transmission.","https://cdn.frazerphotos.com/22489/22489_000004341_g3j1owg.jpg,https://cdn.frazerphotos.com/22489/22489_000004341_ylvmae6.jpg,https://cdn.frazerphotos.com/22489/22489_000004341_gvrc2zn.jpg,https://cdn.frazerphotos.com/22489/22489_000004341_nb26gjh.jpg,https://cdn.frazerphotos.com/22489/22489_000004341_u0mpoft.jpg,https://cdn.frazerphotos.com/22489/22489_000004341_dj2lu7v.jpg,https://cdn.frazerphotos.com/22489/22489_000004341_7wxpg68.jpg,https://cdn.frazerphotos.com/22489/22489_000004341_vkq806f.jpg,https://cdn.frazerphotos.com/22489/22489_000004341_im793l0.jpg,https://cdn.frazerphotos.com/22489/22489_000004341_xiuxtn2.jpg,https://cdn.frazerphotos.com/22489/22489_000004341_d4zj7un.jpg,https://cdn.frazerphotos.com/22489/22489_000004341_kn3zqbj.jpg,https://cdn.frazerphotos.com/22489/22489_000004341_5fe6zem.jpg,https://cdn.frazerphotos.com/22489/22489_000004341_po1f5mu.jpg,https://cdn.frazerphotos.com/22489/22489_4341_3908.jpg,https://cdn.frazerphotos.com/22489/22489_4341_3909.jpg"
"22489","HIGH LIFE AUTO, LLC.","519 2ND STREET","FORT MADISON","IA","52627","Matt","319-372-8191","highlifeas@gmail.com","http://www.highlifeauto.com","4339","Used","CADILLAC","SEVILLE","1994","    1100.00","129467","Sedan","GREEN","TAN","4","8 Cyl","Gasoline","Automatic","FWD","","1G6KY5294RU843489","Air Conditioning, Power Windows, Power Locks, Power Steering, Tilt Wheel, AM/FM Cassette, AM/FM CD, Pass Key Security, Dual Front Air Bag, Active Belts, All Wheel ABS","Video Test Drive (The Nitty Gritty): https://youtu.be/u7LgzbUijWI         Just the Basics:         *Great acceleration! Drives, smooth. Brakes feel very good!         *Tires are about 55% all the way around         *Per AC, in 2001, odometer may not be accurate (according to auction)         *Cosmetic flaws         *Heat/AC? I don't know how to make it work #millenialproblems         *Not the prettiest, but it seems to get the job done        *We just replaced the coolant temp sensor (which is way down in the bottom of the motor)","https://cdn.frazerphotos.com/22489/22489_000004339_rcgaefc.jpg,https://cdn.frazerphotos.com/22489/22489_000004339_wrkujrq.jpg,https://cdn.frazerphotos.com/22489/22489_000004339_51uxbye.jpg,https://cdn.frazerphotos.com/22489/22489_000004339_5ha6yc4.jpg,https://cdn.frazerphotos.com/22489/22489_000004339_gqiyimz.jpg,https://cdn.frazerphotos.com/22489/22489_000004339_dfggmjg.jpg,https://cdn.frazerphotos.com/22489/22489_000004339_aigof8f.jpg,https://cdn.frazerphotos.com/22489/22489_000004339_xrokfgy.jpg,https://cdn.frazerphotos.com/22489/22489_000004339_sk8ijjh.jpg,https://cdn.frazerphotos.com/22489/22489_000004339_yxqeesq.jpg,https://cdn.frazerphotos.com/22489/22489_000004339_c9747l5.jpg,https://cdn.frazerphotos.com/22489/22489_4339_3910.jpg,https://cdn.frazerphotos.com/22489/22489_4339_3911.jpg"
"22489","HIGH LIFE AUTO, LLC.","519 2ND STREET","FORT MADISON","IA","52627","Matt","319-372-8191","highlifeas@gmail.com","http://www.highlifeauto.com","4350","Used","PONTIAC","TORRENT","2008","    2000.00","188534","SUV","WHITE","BLACK","4","6 Cyl","Gasoline","Automatic","AWD","","2CKDL43F286034467","Air Conditioning, Power Windows, Power Locks, Power Steering, Tilt Wheel, AM/FM CD/MP3, Satellite, AM/FM CD/DVD, Keyless Entry, Alarm, Daytime Running Lights, Dual Front Airbags, Passenger Sensor, Active Belts, All Wheel ABS","Virtual Test Drive URL ( The Nitty Gritty): https://youtu.be/ENTP_qYs_AA?si=hK43QDfSWOKMfb77        Just the Basics:        *Tires are about 40%    *    Heat, AC, Heated Seats, current oil change    *    Pretty decent little vehicle. Drives well. Good brakes.    *    Cosmetically a little rough         *LF window inop    *    Check engine light (evap code) and ABS light (probably indicates a speed sensor/wheel bearing issue)        *A little bit of an antifreeze smell when heat is on....common issue on Equinox/Torrents. I am hoping to blow out cooling system when I get a chance. Check with me on status.","https://cdn.frazerphotos.com/22489/22489_000004350_s9zwfac.jpg,https://cdn.frazerphotos.com/22489/22489_000004350_igbaky5.jpg,https://cdn.frazerphotos.com/22489/22489_000004350_oowlpgc.jpg,https://cdn.frazerphotos.com/22489/22489_000004350_5wvmc7s.jpg,https://cdn.frazerphotos.com/22489/22489_000004350_edhyb88.jpg,https://cdn.frazerphotos.com/22489/22489_000004350_729js2q.jpg,https://cdn.frazerphotos.com/22489/22489_000004350_tco2q0j.jpg,https://cdn.frazerphotos.com/22489/22489_000004350_pkw0u93.jpg,https://cdn.frazerphotos.com/22489/22489_000004350_nfd6eq2.jpg,https://cdn.frazerphotos.com/22489/22489_000004350_r2ttju1.jpg,https://cdn.frazerphotos.com/22489/22489_000004350_a9r4zvg.jpg,https://cdn.frazerphotos.com/22489/22489_000004350_0cjx253.jpg,https://cdn.frazerphotos.com/22489/22489_000004350_6epncdb.jpg,https://cdn.frazerphotos.com/22489/22489_000004350_o3o4yuh.jpg,https://cdn.frazerphotos.com/22489/22489_4350_3963.jpg,https://cdn.frazerphotos.com/22489/22489_4350_3964.jpg"
"22489","HIGH LIFE AUTO, LLC.","519 2ND STREET","FORT MADISON","IA","52627","Matt","319-372-8191","highlifeas@gmail.com","http://www.highlifeauto.com","4348","Used","FORD","F150","2012","    4700.00","190887","Truck","SILVER","TAN","4","6 Cyl","Gasoline","Automatic","4WD","","1FTFW1ET9CKE21242","Air Conditioning, Power Windows, Power Locks, Power Steering, Tilt Wheel, AM/FM, AM/FM CD/MP3, Satellite, Sentry Key, Keyless Entry, Alarm, Available, Dual Front Airbags, Side Airbags, Head Airbags, Rear Head Airbags, Active Seatbelts, Crew Cab, Regular Bed, All Wheel ABS, 1/2 Ton","Virtual Test Drive URL (The Nitty Gritty): https://youtu.be/Oui-386JdSM?si=URyHdQfYSqTqgflK        Just the Basics:    *    Tires about 50%      *  Pretty decent looking truck for a Ford--still has some cosmetic flaws, but overall better than most    *    AC, Heat, 4x4    *    Truck drives well and shifts through the gears like it should.      *Has good power and is smooth.    *    Check engine light P012 is the only one that returned after test drive so far.    *    The auction said a ''misfire on startup'' for cylinder 2,  an ''O2 sensor code'', ''tire vibration at highway speeds'' and ''possible cam phaser noise,'' though they didn't hear any cam noises--Take all that as you will, from driving it, didn't seem like much to me, but passing along the info. :)","https://cdn.frazerphotos.com/22489/22489_000004348_eu4cpfe.jpg,https://cdn.frazerphotos.com/22489/22489_000004348_zk5aymd.jpg,https://cdn.frazerphotos.com/22489/22489_000004348_6uzxt4j.jpg,https://cdn.frazerphotos.com/22489/22489_000004348_70lg1e3.jpg,https://cdn.frazerphotos.com/22489/22489_000004348_qxf47u1.jpg,https://cdn.frazerphotos.com/22489/22489_000004348_3cjducj.jpg,https://cdn.frazerphotos.com/22489/22489_000004348_fhppjde.jpg,https://cdn.frazerphotos.com/22489/22489_000004348_s9r0hdm.jpg,https://cdn.frazerphotos.com/22489/22489_000004348_174knm7.jpg,https://cdn.frazerphotos.com/22489/22489_000004348_myz0nfa.jpg,https://cdn.frazerphotos.com/22489/22489_000004348_vmpv7dn.jpg,https://cdn.frazerphotos.com/22489/22489_000004348_s3i4r82.jpg,https://cdn.frazerphotos.com/22489/22489_4348_3959.jpg,https://cdn.frazerphotos.com/22489/22489_4348_3960.jpg"
"22489","HIGH LIFE AUTO, LLC.","519 2ND STREET","FORT MADISON","IA","52627","Matt","319-372-8191","highlifeas@gmail.com","http://www.highlifeauto.com","4353","Used","FORD","EXPEDITION","2010","    3500.00","220782","SUV","BLACK","BLACK","4","8 Cyl","Gasoline","Automatic","4WD","","1FMJK2A52AEA64187","Air Conditioning, Power Windows, Power Locks, Power Steering, Tilt Wheel, AM/FM CD/MP3, AM/FM CD/DVD, Satellite, Immobilizer, Keyless Entry, Alarm, Available, Dual Front Airbags, Side Airbags, Head Airbags, Rear Head Airbags, Active Seatbelts, All Wheel ABS","Virtual Test Drive (The Nitty Gritty): https://youtu.be/i-5WEVJfn90         Just the Basics:         *This vehicle drives PHENOMENAL!   I have personally driven this one around quite a bit since we got it hauling around my monsters.       *Limited, EL Sunroof, DVD player, Automatic Rear Hatch/Rear Seats, 4x4, etc!         *Heat, AC, Heated and Cooled Seats         *Lays completely flat for storage!         *Has an exhaust leak that sounds like manifold location         *Has a backup camera, but doesn't show the feed (?)    *We installed a couple new pulleys and a serpentine belt","https://cdn.frazerphotos.com/22489/22489_000004353_gi9gjp2.jpg,https://cdn.frazerphotos.com/22489/22489_000004353_5ot96p7.jpg,https://cdn.frazerphotos.com/22489/22489_000004353_e6le1j9.jpg,https://cdn.frazerphotos.com/22489/22489_000004353_cvvfkrx.jpg,https://cdn.frazerphotos.com/22489/22489_000004353_3hkq6tt.jpg,https://cdn.frazerphotos.com/22489/22489_000004353_q9flq50.jpg,https://cdn.frazerphotos.com/22489/22489_000004353_qkebbo7.jpg,https://cdn.frazerphotos.com/22489/22489_000004353_2s94vs9.jpg,https://cdn.frazerphotos.com/22489/22489_000004353_fi0hkix.jpg,https://cdn.frazerphotos.com/22489/22489_000004353_0jseixl.jpg,https://cdn.frazerphotos.com/22489/22489_000004353_p7af94j.jpg,https://cdn.frazerphotos.com/22489/22489_000004353_vp264op.jpg,https://cdn.frazerphotos.com/22489/22489_000004353_qv3adk3.jpg,https://cdn.frazerphotos.com/22489/22489_000004353_8wmzzjc.jpg,https://cdn.frazerphotos.com/22489/22489_000004353_wszdkel.jpg,https://cdn.frazerphotos.com/22489/22489_000004353_e7ce7kk.jpg,https://cdn.frazerphotos.com/22489/22489_000004353_a72x8n4.jpg,https://cdn.frazerphotos.com/22489/22489_4353_3951.jpg,https://cdn.frazerphotos.com/22489/22489_4353_3952.jpg"
"22489","HIGH LIFE AUTO, LLC.","519 2ND STREET","FORT MADISON","IA","52627","Matt","319-372-8191","highlifeas@gmail.com","http://www.highlifeauto.com","4351","Used","MITSUBISHI","GALANT","2008","    1800.00","250429","Sedan","GRAY","GRAY","4","4 Cyl","Gasoline","Automatic","FWD","","4A3AB36F58E014953","Air Conditioning, Power Windows, Power Locks, Power Steering, Tilt Wheel, AM/FM CD/MP3, Satellite, Immobilizer, Keyless Entry, Available, Dual Front Airbags, Side Airbags, Head Airbags, Rear Head Airbags, Active Seatbelts, All Wheel ABS","Virtual Test Drive URL (The Nitty Gritty): https://youtu.be/Rx6xdLwyhU8?si=trMjMaGPkvYYdjiu        Just the Basics:    *    Tires about 50% all the way around    *    No check engine lights!     *Current oil change.      *  Heat works well.     *Tire pressure sensor light.    *    Drives very well. Smooth and straight. Good brakes. Tight suspension.    *    Auction said ''engine tick''-listen to video    *    Auction said ''frame rust''. All I see is rusty rockers and a stretched tow point-see video.      *  LR window inop","https://cdn.frazerphotos.com/22489/22489_000004351_9pzqf4v.jpg,https://cdn.frazerphotos.com/22489/22489_000004351_mddpme3.jpg,https://cdn.frazerphotos.com/22489/22489_000004351_13grcz8.jpg,https://cdn.frazerphotos.com/22489/22489_000004351_9j1tfxc.jpg,https://cdn.frazerphotos.com/22489/22489_000004351_5mr2nd4.jpg,https://cdn.frazerphotos.com/22489/22489_000004351_vm1y4jc.jpg,https://cdn.frazerphotos.com/22489/22489_000004351_py6n9p2.jpg,https://cdn.frazerphotos.com/22489/22489_000004351_41ayby1.jpg,https://cdn.frazerphotos.com/22489/22489_000004351_s9ca4jx.jpg,https://cdn.frazerphotos.com/22489/22489_000004351_4oki0ou.jpg,https://cdn.frazerphotos.com/22489/22489_000004351_2rkv3t4.jpg,https://cdn.frazerphotos.com/22489/22489_4351_3961.jpg,https://cdn.frazerphotos.com/22489/22489_4351_3962.jpg"
"22489","HIGH LIFE AUTO, LLC.","519 2ND STREET","FORT MADISON","IA","52627","Matt","319-372-8191","highlifeas@gmail.com","http://www.highlifeauto.com","4349","Used","PONTIAC","G6","2009","    2000.00","170998","Sedan","WHITE","GRAY","4","6 Cyl","Gasoline","Automatic","FWD","","1G2ZK57K194228248","Air Conditioning, Power Windows, Power Locks, Power Steering, Tilt Wheel, AM/FM CD, AM/FM CD/MP3, Satellite, Sentry Key, Keyless Entry, Daytime Running Lights, Dual Airbags Front Head and Side, Active Seatbelts, Passenger Airbag Sensor, All Wheel ABS","Virtual Test Drive URL (The Nitty Gritty): https://youtu.be/a70NPNwSuiU?si=sJKLEp8fVHwPlODU        Just the Basics    *    Tires about 35% to 40%      *  Outside of rust, car looks pretty decent and sounds good with a recent oil change.    *    AC, Heat (speed 3 &4)    *    Good acceleration and driving. Brakes are good. (Small vibration feels like tires)    *    Check engine light (evap code), tire pressure light.    *    Auction said ''rusty frame''-I don't see anything concerning outside of rockers-(see video)","https://cdn.frazerphotos.com/22489/22489_000004349_oo0x2mb.jpg,https://cdn.frazerphotos.com/22489/22489_000004349_ryqb5nt.jpg,https://cdn.frazerphotos.com/22489/22489_000004349_b0792d1.jpg,https://cdn.frazerphotos.com/22489/22489_000004349_31mifbf.jpg,https://cdn.frazerphotos.com/22489/22489_000004349_i33ieo1.jpg,https://cdn.frazerphotos.com/22489/22489_000004349_ww4dwuo.jpg,https://cdn.frazerphotos.com/22489/22489_000004349_sarwonz.jpg,https://cdn.frazerphotos.com/22489/22489_000004349_33kw1wi.jpg,https://cdn.frazerphotos.com/22489/22489_000004349_0w72ptl.jpg,https://cdn.frazerphotos.com/22489/22489_000004349_g2ssnoe.jpg,https://cdn.frazerphotos.com/22489/22489_000004349_iy9brul.jpg,https://cdn.frazerphotos.com/22489/22489_4349_3957.jpg,https://cdn.frazerphotos.com/22489/22489_4349_3958.jpg"
"22489","HIGH LIFE AUTO, LLC.","519 2ND STREET","FORT MADISON","IA","52627","Matt","319-372-8191","highlifeas@gmail.com","http://www.highlifeauto.com","4347","Used","FORD","F150","2007","    1800.00","187577","Truck","BLACK","GRAY","4","8 Cyl","Gasoline","Automatic","4WD","","1FTRX14W37KB64185","Air Conditioning, Power Windows, Power Locks, Power Steering, Tilt Wheel, AM/FM CD/MP3, AM/FM CD/DVD, Satellite, Immobilizer, Keyless Entry, Available, Dual Front Air Bag, Active Belts, Extended Cab, Regular Bed, All Wheel ABS, 1/2 Ton","Virtual Test Drive URL (The Nitty Gritty): https://youtu.be/6B7RzV6WY0I?si=v6b4qcuVgV2KASQN        Just the Basics:    *    Tires about 35%        *Truck, runs, drives and shifts well!     *Heat and AC both work. 4x4. Brakes and suspension seem solid.    *    Radio inop-may not be fully plugged in. It looks like someone put factory system back in to trade it, but maybe didn't care to hook it up?        *Check engine light-P420 (evap code), P0193 (fuel rail pressure circuit high)    *    Auction said ''rusty frame''--take a look at this. Definitely will need attention although it drives straight and true-not like it looks.       *Great get around truck! Will take some love, but should go for a long time after that.","https://cdn.frazerphotos.com/22489/22489_000004347_iq6kqa6.jpg,https://cdn.frazerphotos.com/22489/22489_000004347_0oa0rm5.jpg,https://cdn.frazerphotos.com/22489/22489_000004347_ikccy59.jpg,https://cdn.frazerphotos.com/22489/22489_000004347_il03gu5.jpg,https://cdn.frazerphotos.com/22489/22489_000004347_fozdths.jpg,https://cdn.frazerphotos.com/22489/22489_000004347_v22rilt.jpg,https://cdn.frazerphotos.com/22489/22489_000004347_d2xyvoj.jpg,https://cdn.frazerphotos.com/22489/22489_000004347_ldylltu.jpg,https://cdn.frazerphotos.com/22489/22489_000004347_164e7y0.jpg,https://cdn.frazerphotos.com/22489/22489_000004347_yj3qzua.jpg,https://cdn.frazerphotos.com/22489/22489_000004347_rgdjkls.jpg,https://cdn.frazerphotos.com/22489/22489_4347_3969.jpg,https://cdn.frazerphotos.com/22489/22489_4347_3970.jpg"
"22489","HIGH LIFE AUTO, LLC.","519 2ND STREET","FORT MADISON","IA","52627","Matt","319-372-8191","highlifeas@gmail.com","http://www.highlifeauto.com","4208","Used","FORD","F150","2010","    3750.00","107835","Pick-Up","RED","GRAY","4","8 Cyl","Gasoline","Automatic","4WD","","1FTFW1EV7AFD09143","Air Conditioning, Available, Power Steering, Tilt Wheel, AM/FM, AM/FM CD/MP3, Satellite, Immobilizer, Keyless Entry, Available, Dual Front Airbags, Side Airbags, Head Airbags, Rear Head Airbags, Active Seatbelts, Crew Cab, Regular Bed, All Wheel ABS, 1/2 Ton","Video Test Drive (The Nitty Gritty): https://youtu.be/CyQg3OJstr4         Just The Basics:     *    Good Tires     *Runs and Drives Well.     *Good Suspension. Good Brakes.     *Brand new tube and dipstick INSTALLED. Fresh oil change.    *Power Steering A Little Tight-I'm assuming the rack or pump is getting worn.    *AC Doesn't blow cold      *Odometer TMU (True Miles Unknown) according to auction (Likely 200K according to CarFax)","https://cdn.frazerphotos.com/22489/22489_000004208_eiohg83.jpg,https://cdn.frazerphotos.com/22489/22489_000004208_u50z3rx.jpg,https://cdn.frazerphotos.com/22489/22489_000004208_2wlnxdf.jpg,https://cdn.frazerphotos.com/22489/22489_000004208_liqpsyo.jpg,https://cdn.frazerphotos.com/22489/22489_000004208_wf32vrk.jpg,https://cdn.frazerphotos.com/22489/22489_000004208_8k18zyo.jpg,https://cdn.frazerphotos.com/22489/22489_000004208_zbyy893.jpg,https://cdn.frazerphotos.com/22489/22489_4208_3932.jpg,https://cdn.frazerphotos.com/22489/22489_4208_3933.jpg"
"22489","HIGH LIFE AUTO, LLC.","519 2ND STREET","FORT MADISON","IA","52627","Matt","319-372-8191","highlifeas@gmail.com","http://www.highlifeauto.com","4355","Used","FORD","EXPEDITION","2010","    3800.00","196025","SUV","BLACK","GRAY","4","8 Cyl","Gasoline","Automatic","4WD","","1FMJK2A51AEB07899","Air Conditioning, Power Windows, Power Locks, Power Steering, Tilt Wheel, AM/FM CD/MP3, AM/FM CD/DVD, Satellite, Immobilizer, Keyless Entry, Alarm, Available, Dual Front Airbags, Side Airbags, Head Airbags, Rear Head Airbags, Active Seatbelts, All Wheel ABS","Video Test Drive URL (The Nitty Gritty): https://youtu.be/YHvCFszzv1A        Just the Basics    *    Runs and drives well.     *Shifts smooth. No suspension noise. Brakes are solid.     *    Tires about 35%    *    Leather, Sunroof, Power seats/Rear Hatch, Nav, Backup Camera, 4x4    *    Check Engine Light P0446 Evap code    *    Heat works good, AC (I think) works okay    *    DVD player needs some tinkering, Auction said ''engine noise'', but I don't hear anything. Listen to the video","https://cdn.frazerphotos.com/22489/22489_000004355_grvbi9d.jpg,https://cdn.frazerphotos.com/22489/22489_000004355_qltsqy4.jpg,https://cdn.frazerphotos.com/22489/22489_000004355_9pmhin1.jpg,https://cdn.frazerphotos.com/22489/22489_000004355_7ctgrmu.jpg,https://cdn.frazerphotos.com/22489/22489_000004355_cz5q7mq.jpg,https://cdn.frazerphotos.com/22489/22489_000004355_24qksva.jpg,https://cdn.frazerphotos.com/22489/22489_000004355_nxe51ii.jpg,https://cdn.frazerphotos.com/22489/22489_000004355_duvfjvc.jpg,https://cdn.frazerphotos.com/22489/22489_000004355_05gaxuq.jpg,https://cdn.frazerphotos.com/22489/22489_000004355_c9zcuac.jpg,https://cdn.frazerphotos.com/22489/22489_000004355_nvbasg4.jpg,https://cdn.frazerphotos.com/22489/22489_000004355_67fa30z.jpg,https://cdn.frazerphotos.com/22489/22489_000004355_8iw145o.jpg,https://cdn.frazerphotos.com/22489/22489_000004355_ip13u9i.jpg,https://cdn.frazerphotos.com/22489/22489_000004355_hzl214h.jpg,https://cdn.frazerphotos.com/22489/22489_4355_3949.jpg,https://cdn.frazerphotos.com/22489/22489_4355_3950.jpg"
"22489","HIGH LIFE AUTO, LLC.","519 2ND STREET","FORT MADISON","IA","52627","Matt","319-372-8191","highlifeas@gmail.com","http://www.highlifeauto.com","4354","Used","CHEVROLET","CRUZE","2014","    2000.00","162459","Sedan","BLUE","","4","4 Cyl","Gasoline","Automatic","FWD","","1G1PC5SB0E7186910","Long Conventional Cab","Video Test Drive URL (The Nitty Gritty): https://youtu.be/p6nQjJNlaf8        Just the Basics:        *Well.....It's a 1.4 Chevy Cruze and it runs and drives        *It has brand new bolts under the hood on the engine cover, so I'm assuming that someone already did the big job that these typically have and completed the timing and head gaskets. (According the computer, timing degrees are on par with specs).    *    Body has a few dings, but overall it's decent.     *Everything inside works (buttons, heat, windows, etc)        *Suspension seems good. Brakes are fine. Tires are okay.     *    Check engine light shows a couple exhaust codes and auction mentioned a couple others that haven't shown up. Check with me to see if any of this has materialized. Otherwise, I'm fairly impressed with it for what it is.","https://cdn.frazerphotos.com/22489/22489_000004354_r3s662y.jpg,https://cdn.frazerphotos.com/22489/22489_000004354_9hjjcxs.jpg,https://cdn.frazerphotos.com/22489/22489_000004354_d9of55d.jpg,https://cdn.frazerphotos.com/22489/22489_000004354_e96duj2.jpg,https://cdn.frazerphotos.com/22489/22489_000004354_iju83kl.jpg,https://cdn.frazerphotos.com/22489/22489_000004354_wrl77w3.jpg,https://cdn.frazerphotos.com/22489/22489_000004354_kt26laf.jpg,https://cdn.frazerphotos.com/22489/22489_000004354_eug8f2s.jpg,https://cdn.frazerphotos.com/22489/22489_000004354_97xj620.jpg,https://cdn.frazerphotos.com/22489/22489_000004354_jg64ky7.jpg,https://cdn.frazerphotos.com/22489/22489_000004354_8vp9ygv.jpg,https://cdn.frazerphotos.com/22489/22489_4354_3967.jpg,https://cdn.frazerphotos.com/22489/22489_4354_3968.jpg,https://cdn.frazerphotos.com/22489/22489_000004354_ngvu3fi.jpg"
"22489","HIGH LIFE AUTO, LLC.","519 2ND STREET","FORT MADISON","IA","52627","Matt","319-372-8191","highlifeas@gmail.com","http://www.highlifeauto.com","4359","Used","HYUNDAI","SONATA","2006","    2500.00","188516","Sedan","MAROON","TAN","4","6 Cyl","Gasoline","Automatic","FWD","","5NPEU46F36H029758","Air Conditioning, Power Windows, Power Locks, Power Steering, Tilt Wheel, AM/FM CD, Dual Air Bags Front and Sides, Active Belts, All Wheel ABS","Video Test Drive URL (The Nitty Gritty): https://youtu.be/hVdMhWeTrMA        Just the Basics:    *    Tires are all matching Cooper 45% tread    *    Oil change is current and not due until April '26    *    Runs and drives very well!    *    No check engine lights     *Heat, Heated Seats, Sunroof, Leather    *    Exhaust A LITTLE bit louder, No radio, Wiper fluid doesn't spray","https://cdn.frazerphotos.com/22489/22489_000004359_xkv8ewe.jpg,https://cdn.frazerphotos.com/22489/22489_000004359_rqasngi.jpg,https://cdn.frazerphotos.com/22489/22489_000004359_q239ngj.jpg,https://cdn.frazerphotos.com/22489/22489_000004359_81lhogz.jpg,https://cdn.frazerphotos.com/22489/22489_000004359_pzhnko4.jpg,https://cdn.frazerphotos.com/22489/22489_000004359_4q4g8tx.jpg,https://cdn.frazerphotos.com/22489/22489_000004359_z6zfwxv.jpg,https://cdn.frazerphotos.com/22489/22489_000004359_lv4u9a3.jpg,https://cdn.frazerphotos.com/22489/22489_000004359_qix70on.jpg,https://cdn.frazerphotos.com/22489/22489_000004359_48gsrmc.jpg,https://cdn.frazerphotos.com/22489/22489_000004359_s11rn01.jpg,https://cdn.frazerphotos.com/22489/22489_000004359_ahoxz04.jpg,https://cdn.frazerphotos.com/22489/22489_4359_3965.jpg,https://cdn.frazerphotos.com/22489/22489_4359_3966.jpg"
"22489","HIGH LIFE AUTO, LLC.","519 2ND STREET","FORT MADISON","IA","52627","Matt","319-372-8191","highlifeas@gmail.com","http://www.highlifeauto.com","4369","Used","RAM","3500","2015","    5500.00","221686","Truck","YELLOW","BLACK","4","8 Cyl","Gasoline","Automatic","4WD","","3C63R3DJ7FG565042","Air Conditioning, Power Windows, Power Locks, Power Steering, Tilt Wheel, AM/FM CD/MP3, Satellite, AM/FM CD/DVD, Sentry Key, Keyless Entry, Available, Dual Air Bags Front and Sides, Active Belts, Crew Cab, Regular Bed, All Wheel ABS, 1 Ton","Video Test Drive: https://youtu.be/in2SafVRfDo        Just the Basics:        *Really good body in and out        *6.4 Hemi, Heated seats/steering wheel, 4x4, backup camera        *Runs and drives decent        *Tires about 35%-40%        *221k miles        *CEL-misfire        *Radio/touchscreen maybe needs work. (It didn't work the first time I tried it and it has since). HVAC blower motor inop?","https://cdn.frazerphotos.com/22489/22489_000004369_fx7e494.jpg,https://cdn.frazerphotos.com/22489/22489_000004369_ua7v3jq.jpg,https://cdn.frazerphotos.com/22489/22489_000004369_3fwyxdn.jpg,https://cdn.frazerphotos.com/22489/22489_000004369_tj5mxkr.jpg,https://cdn.frazerphotos.com/22489/22489_000004369_h8v6uvy.jpg,https://cdn.frazerphotos.com/22489/22489_000004369_6nghblh.jpg,https://cdn.frazerphotos.com/22489/22489_000004369_5b3p8au.jpg,https://cdn.frazerphotos.com/22489/22489_000004369_s7ign87.jpg,https://cdn.frazerphotos.com/22489/22489_000004369_ucfvimq.jpg,https://cdn.frazerphotos.com/22489/22489_000004369_o0ko82e.jpg,https://cdn.frazerphotos.com/22489/22489_000004369_56zwrqi.jpg,https://cdn.frazerphotos.com/22489/22489_000004369_qvanqm3.jpg,https://cdn.frazerphotos.com/22489/22489_4369_3971.jpg,https://cdn.frazerphotos.com/22489/22489_4369_3972.jpg"
"22489","HIGH LIFE AUTO, LLC.","519 2ND STREET","FORT MADISON","IA","52627","Matt","319-372-8191","highlifeas@gmail.com","http://www.highlifeauto.com","4361","Used","FORD","F150","2006","    2000.00","166290","Truck","GREEN","TAN","4","8 Cyl","Gasoline","Automatic","4WD","","1FTPW14V66KC58545","Air Conditioning, Power Windows, Power Locks, Power Steering, Tilt Wheel, AM/FM CD, AM/FM Cassette/CD, AM/FM CD/MP3, Immobilizer, Keyless Entry, Available, Dual Front Air Bag, Active Belts, Crew Cab, Regular Bed, All Wheel ABS, 1/2 Ton","Video Test Drive URL: https://youtu.be/iVsC5pcitB0    Just the Basics:  *Rough looking truck on the outside, but it's detailed on the inside  *Under the hood looks clean and well maintained with potentially new plugs and coils  *Rusty area on the frame rail that will need attention  BUT....  *The truck drives well  *4x4, Heat and AC work  *It has good power and acceleration  *Brakes and suspension are smooth  SO....  If you can avoid judging a book by it's cover and you don't need to impress your neighbors...this is your next truck!","https://cdn.frazerphotos.com/22489/22489_000004361_lcqewf2.jpg,https://cdn.frazerphotos.com/22489/22489_000004361_gqqe18p.jpg,https://cdn.frazerphotos.com/22489/22489_000004361_dbo89dv.jpg,https://cdn.frazerphotos.com/22489/22489_000004361_b3wnflt.jpg,https://cdn.frazerphotos.com/22489/22489_000004361_ommcyqo.jpg,https://cdn.frazerphotos.com/22489/22489_000004361_wn748mv.jpg,https://cdn.frazerphotos.com/22489/22489_000004361_lcemcm0.jpg,https://cdn.frazerphotos.com/22489/22489_000004361_1ocpiop.jpg,https://cdn.frazerphotos.com/22489/22489_000004361_9kmlbfj.jpg,https://cdn.frazerphotos.com/22489/22489_000004361_wcqsnh6.jpg,https://cdn.frazerphotos.com/22489/22489_000004361_3zredw3.jpg,https://cdn.frazerphotos.com/22489/22489_000004361_xgtuyj0.jpg,https://cdn.frazerphotos.com/22489/22489_4361_3973.jpg,https://cdn.frazerphotos.com/22489/22489_4361_3974.jpg"
"22489","HIGH LIFE AUTO, LLC.","519 2ND STREET","FORT MADISON","IA","52627","Matt","319-372-8191","highlifeas@gmail.com","http://www.highlifeauto.com","4362","Used","CHEVROLET","EQUINOX","2006","    1700.00","243814","SUV","BLACK","GRAY","4","6 Cyl","Gasoline","Automatic","FWD","","2CNDL63FX66097571","Air Conditioning, Power Windows, Power Locks, Power Steering, Tilt Wheel, AM/FM CD, AM/FM CD/MP3, Satellite, Keyless Entry, Alarm, Daytime Running Lights, Dual Front Air Bag, Active Belts, All Wheel ABS","Virtual Test Drive URL: https://youtu.be/zWiurDfBAx0    Just the Basics:  *243k miles  *Looks like it has some newer parts on the engine--ignition wires, coolant hose, struts, ac lines (not the heater core as I thought in the video)  *Motor sounds good and it drives well.   *The body is a little rough and it needs a good cleaning.   *Tires have about 25% tread left  *CEL","https://cdn.frazerphotos.com/22489/22489_000004362_kcvllau.jpg,https://cdn.frazerphotos.com/22489/22489_000004362_v76gahn.jpg,https://cdn.frazerphotos.com/22489/22489_000004362_3m06304.jpg,https://cdn.frazerphotos.com/22489/22489_000004362_otlweul.jpg,https://cdn.frazerphotos.com/22489/22489_000004362_tpb215j.jpg,https://cdn.frazerphotos.com/22489/22489_000004362_21d2c9o.jpg,https://cdn.frazerphotos.com/22489/22489_000004362_az01eeg.jpg,https://cdn.frazerphotos.com/22489/22489_000004362_k512ygp.jpg,https://cdn.frazerphotos.com/22489/22489_000004362_inus75y.jpg,https://cdn.frazerphotos.com/22489/22489_000004362_ymf6zo0.jpg,https://cdn.frazerphotos.com/22489/22489_000004362_1v0f2qm.jpg,https://cdn.frazerphotos.com/22489/22489_000004362_617qeq1.jpg,https://cdn.frazerphotos.com/22489/22489_000004362_igqhtdr.jpg"
"22489","HIGH LIFE AUTO, LLC.","519 2ND STREET","FORT MADISON","IA","52627","Matt","319-372-8191","highlifeas@gmail.com","http://www.highlifeauto.com","4365","Used","DODGE","DART","2013","    2500.00","145697","Sedan","RED","BLACK","4","4 Cyl","Gasoline","Automatic","FWD","","1C3CDFBH9DD235443","Air Conditioning, Power Windows, Power Locks, Power Steering, Tilt Wheel, AM/FM CD/MP3, Satellite, AM/FM CD/DVD, Sentry Key, Keyless Entry, Alarm, Available, Dual Front Airbags, Side Airbags, Head Airbags, Rear Head Airbags, Active Seatbelts, All Wheel ABS","Video Test Drive URL: https://youtu.be/E5M66eec6yw    Just the Basics:    * It's a pretty good looking car with only a very small divot with rust on the driver's side.     * Tires are 35% to 40%    * 145k miles, Backup camera, 1.4L-4 cyl    * Drives, accelerates, shifts, and stops well","https://cdn.frazerphotos.com/22489/22489_000004365_92dzve0.jpg,https://cdn.frazerphotos.com/22489/22489_000004365_5qqcoji.jpg,https://cdn.frazerphotos.com/22489/22489_000004365_egup8w4.jpg,https://cdn.frazerphotos.com/22489/22489_000004365_j3h0mev.jpg,https://cdn.frazerphotos.com/22489/22489_000004365_6j1oa9l.jpg,https://cdn.frazerphotos.com/22489/22489_000004365_vfl92pn.jpg,https://cdn.frazerphotos.com/22489/22489_000004365_g1qixf4.jpg,https://cdn.frazerphotos.com/22489/22489_000004365_enhanwt.jpg,https://cdn.frazerphotos.com/22489/22489_000004365_2q04hfa.jpg,https://cdn.frazerphotos.com/22489/22489_000004365_gmank32.jpg,https://cdn.frazerphotos.com/22489/22489_000004365_9wzjwlu.jpg,https://cdn.frazerphotos.com/22489/22489_000004365_fp9ku39.jpg,https://cdn.frazerphotos.com/22489/22489_4365_3983.jpg,https://cdn.frazerphotos.com/22489/22489_4365_3984.jpg"
"22489","HIGH LIFE AUTO, LLC.","519 2ND STREET","FORT MADISON","IA","52627","Matt","319-372-8191","highlifeas@gmail.com","http://www.highlifeauto.com","4371","Used","JEEP","PATRIOT","2012","    2000.00","144163","SUV","WHITE","BLACK","4","4 Cyl","Gasoline","Continuously Variable","FWD","","1C4NJPCB0CD515540","Air Conditioning, Power Windows, Power Locks, Power Steering, Tilt Wheel, AM/FM CD/MP3, Satellite, Immobilizer, Keyless Entry, Available, Dual Airbags Front Head and Side, Active Seatbelts, Passenger Airbag Sensor, Dual Rear Side Airbag, All Wheel ABS","Video Test Drive URL: https://youtu.be/rnDSvKDwkts    Just the Basics:  *Body has some ''character'' to it inside and out.  *Tires are about 35% to 40%  *Limited-Heat, AC, Heated Seats, Leather  *Motor sounds good and suspension and brakes feel good.   *CEL-Communication error between TCM and PCM. Personally, I think it can be fixed with an $85 TCM from Ebay, but a little more research needs to be done.   *Still driveable as a grocery getter","https://cdn.frazerphotos.com/22489/22489_000004371_xse41mn.jpg,https://cdn.frazerphotos.com/22489/22489_000004371_zbhn2ub.jpg,https://cdn.frazerphotos.com/22489/22489_000004371_9n0ef97.jpg,https://cdn.frazerphotos.com/22489/22489_000004371_n9p8m5n.jpg,https://cdn.frazerphotos.com/22489/22489_000004371_47p3dq3.jpg,https://cdn.frazerphotos.com/22489/22489_000004371_jephar5.jpg,https://cdn.frazerphotos.com/22489/22489_000004371_f9e5y3f.jpg,https://cdn.frazerphotos.com/22489/22489_000004371_b1nthtz.jpg,https://cdn.frazerphotos.com/22489/22489_000004371_1do8lhr.jpg,https://cdn.frazerphotos.com/22489/22489_000004371_1zo8hzd.jpg,https://cdn.frazerphotos.com/22489/22489_000004371_nrtk30c.jpg,https://cdn.frazerphotos.com/22489/22489_000004371_aji2ab2.jpg,https://cdn.frazerphotos.com/22489/22489_4371_3991.jpg,https://cdn.frazerphotos.com/22489/22489_4371_3992.jpg"
"22489","HIGH LIFE AUTO, LLC.","519 2ND STREET","FORT MADISON","IA","52627","Matt","319-372-8191","highlifeas@gmail.com","http://www.highlifeauto.com","4363","Used","DODGE","GRAND CARAVAN","2010","    2200.00","200631","Van","BLUE","GRAY","4","6 Cyl","Gasoline","Automatic","FWD","","2D4RN5D1XAR191445","Air Conditioning, Power Windows, Power Locks, Power Steering, Tilt Wheel, AM/FM CD/MP3, Satellite, AM/FM CD/DVD, Sentry Key, Keyless Entry, Available, Dual Frnt and Hd Ar Bgs, Passenger Snsr, Active Seatbelts, All Wheel ABS","Video Test Drive URL: https://youtu.be/LAohXJPly6U    Just the Basics:  *Van is in decent condition with normal signs of age  *Power doors, Stow and Go Seats, Cold AC, Master window switch replaced, Backup Camera  *CEL  *The van drives really well--no suspension noise and the brakes are solid.","https://cdn.frazerphotos.com/22489/22489_000004363_215mksv.jpg,https://cdn.frazerphotos.com/22489/22489_000004363_4dd6zuk.jpg,https://cdn.frazerphotos.com/22489/22489_000004363_27m8ae7.jpg,https://cdn.frazerphotos.com/22489/22489_000004363_ohg9vj0.jpg,https://cdn.frazerphotos.com/22489/22489_000004363_wm8x606.jpg,https://cdn.frazerphotos.com/22489/22489_000004363_fjjn6sw.jpg,https://cdn.frazerphotos.com/22489/22489_000004363_pcqve84.jpg,https://cdn.frazerphotos.com/22489/22489_000004363_lkrw293.jpg,https://cdn.frazerphotos.com/22489/22489_000004363_wgxrni9.jpg,https://cdn.frazerphotos.com/22489/22489_000004363_7qch8jk.jpg,https://cdn.frazerphotos.com/22489/22489_000004363_esev0kn.jpg,https://cdn.frazerphotos.com/22489/22489_000004363_tchg6ee.jpg,https://cdn.frazerphotos.com/22489/22489_000004363_3f41wp4.jpg,https://cdn.frazerphotos.com/22489/22489_000004363_pondv2d.jpg,https://cdn.frazerphotos.com/22489/22489_4363_3985.jpg,https://cdn.frazerphotos.com/22489/22489_4363_3986.jpg"
"22489","HIGH LIFE AUTO, LLC.","519 2ND STREET","FORT MADISON","IA","52627","Matt","319-372-8191","highlifeas@gmail.com","http://www.highlifeauto.com","4364","Used","CHEVROLET","EQUINOX","2012","    3500.00","109295","SUV","GOLD","BLACK","4","4 Cyl","Gasoline","Automatic","FWD","","2GNALPEK5C1137109","Air Conditioning, Power Windows, Power Locks, Power Steering, Tilt Wheel, AM/FM CD/MP3, Satellite, Immobilizer, Keyless Entry, Alarm, Daytime Running Lights, Dual Airbags Front Head and Side, Active Seatbelts, Passenger Airbag Sensor, All Wheel ABS","Video Test Drive URL: https://youtu.be/iM4yCL3Mh0E    Just the Basics:  *Good-looking body  *109k miles  *Motor sounds good and drives smooth  *Suspension and brakes seem solid  *Tires with 50% to 75% tread  *Rusty rockers and louder exhaust  *CEL","https://cdn.frazerphotos.com/22489/22489_000004364_k1b8o15.jpg,https://cdn.frazerphotos.com/22489/22489_000004364_f4k58qg.jpg,https://cdn.frazerphotos.com/22489/22489_000004364_vlks14w.jpg,https://cdn.frazerphotos.com/22489/22489_000004364_q523f18.jpg,https://cdn.frazerphotos.com/22489/22489_000004364_uunygzs.jpg,https://cdn.frazerphotos.com/22489/22489_000004364_quydb8n.jpg,https://cdn.frazerphotos.com/22489/22489_000004364_ls1fl9v.jpg,https://cdn.frazerphotos.com/22489/22489_000004364_tn8fsy5.jpg,https://cdn.frazerphotos.com/22489/22489_000004364_91dhjnz.jpg,https://cdn.frazerphotos.com/22489/22489_000004364_v71hmk9.jpg,https://cdn.frazerphotos.com/22489/22489_000004364_gvmmdq3.jpg,https://cdn.frazerphotos.com/22489/22489_000004364_i0re5k2.jpg,https://cdn.frazerphotos.com/22489/22489_000004364_fyhvapv.jpg"
"22489","HIGH LIFE AUTO, LLC.","519 2ND STREET","FORT MADISON","IA","52627","Matt","319-372-8191","highlifeas@gmail.com","http://www.highlifeauto.com","4366","Used","FORD","F150","2014","    4900.00","182754","Truck","GREEN","TAN","4","6 Cyl","Gasoline","Automatic","4WD","","1FTFW1ET5EKD75010","Air Conditioning, Power Windows, Power Locks, Power Steering, Tilt Wheel, AM/FM, AM/FM CD/MP3, Satellite, Sentry Key, Keyless Entry, Alarm, Available, Dual Front Airbags, Side Airbags, Head Airbags, Rear Head Airbags, Active Seatbelts, Crew Cab, Regular Bed, All Wheel ABS, 1/2 Ton","Video Test Drive URL: https://youtu.be/NGs8adaq6aw        Just the Basics:        *3.5 EcoBoost, 4x4, Leather, Backup Cam        *Motor sounds good        *It drives well and shifts fine.        *Suspension and brakes seem good.         *It's a Midwest Ford-It's rusty        *Tires don't have much life left-about 30% tread depth        *CEL-P016, P0175, P0299","https://cdn.frazerphotos.com/22489/22489_000004366_g84prqv.jpg,https://cdn.frazerphotos.com/22489/22489_000004366_jvcnn16.jpg,https://cdn.frazerphotos.com/22489/22489_000004366_08xiixz.jpg,https://cdn.frazerphotos.com/22489/22489_000004366_w3j1cr7.jpg,https://cdn.frazerphotos.com/22489/22489_000004366_n8o848x.jpg,https://cdn.frazerphotos.com/22489/22489_000004366_cf9dqrd.jpg,https://cdn.frazerphotos.com/22489/22489_000004366_kweha7p.jpg,https://cdn.frazerphotos.com/22489/22489_000004366_tdpo5hj.jpg,https://cdn.frazerphotos.com/22489/22489_000004366_qosrbel.jpg,https://cdn.frazerphotos.com/22489/22489_000004366_4aoq09i.jpg,https://cdn.frazerphotos.com/22489/22489_000004366_jm18bo5.jpg,https://cdn.frazerphotos.com/22489/22489_000004366_zxxn4x0.jpg,https://cdn.frazerphotos.com/22489/22489_4366_3987.jpg,https://cdn.frazerphotos.com/22489/22489_4366_3988.jpg"
"22489","HIGH LIFE AUTO, LLC.","519 2ND STREET","FORT MADISON","IA","52627","Matt","319-372-8191","highlifeas@gmail.com","http://www.highlifeauto.com","4367","Used","FORD","F150","2012","    4700.00","194825","Truck","GREEN","GRAY","4","6 Cyl","Gasoline","Automatic","4WD","","1FTFW1ET9CFB82266","Air Conditioning, Power Windows, Power Locks, Power Steering, Tilt Wheel, AM/FM, AM/FM CD/MP3, Satellite, Sentry Key, Keyless Entry, Alarm, Available, Dual Front Airbags, Side Airbags, Head Airbags, Rear Head Airbags, Active Seatbelts, Crew Cab, Regular Bed, All Wheel ABS, 1/2 Ton","Video Test Drive URL: https://youtu.be/qaZExe_INtQ        Just the Basics:        *3.5 EcoBoost, 4x4, Winch        *Tires about 75% tread        *Heat/AC        *Runs and drives well.     *Suspension/Brakes solid.        *CEL? ''Key in Switch''?        *Minor cosmetic imperfections-''20 ft truck''","https://cdn.frazerphotos.com/22489/22489_000004367_8o3lkwz.jpg,https://cdn.frazerphotos.com/22489/22489_000004367_tbg4s5k.jpg,https://cdn.frazerphotos.com/22489/22489_000004367_7ns77oi.jpg,https://cdn.frazerphotos.com/22489/22489_000004367_sybvuqd.jpg,https://cdn.frazerphotos.com/22489/22489_000004367_d3fq8g3.jpg,https://cdn.frazerphotos.com/22489/22489_000004367_x4kjldj.jpg,https://cdn.frazerphotos.com/22489/22489_000004367_wxcrynf.jpg,https://cdn.frazerphotos.com/22489/22489_000004367_96hlebg.jpg,https://cdn.frazerphotos.com/22489/22489_000004367_1kknyse.jpg,https://cdn.frazerphotos.com/22489/22489_000004367_qr1qzu7.jpg,https://cdn.frazerphotos.com/22489/22489_000004367_saccqnj.jpg,https://cdn.frazerphotos.com/22489/22489_000004367_7c1wxfn.jpg,https://cdn.frazerphotos.com/22489/22489_000004367_4bzegih.jpg,https://cdn.frazerphotos.com/22489/22489_000004367_jxuu271.jpg,https://cdn.frazerphotos.com/22489/22489_4367_3979.jpg,https://cdn.frazerphotos.com/22489/22489_4367_3980.jpg"
"22489","HIGH LIFE AUTO, LLC.","519 2ND STREET","FORT MADISON","IA","52627","Matt","319-372-8191","highlifeas@gmail.com","http://www.highlifeauto.com","4368","Used","JEEP","WRANGLER","2011","    4800.00","144548","SUV","BLACK","BLACK","2","6 Cyl","Gasoline","4-Speed Manual","4WD","","1J4BA6D18BL543992","Air Conditioning, Power Windows, Power Locks, Power Steering, Tilt Wheel, AM/FM CD/MP3, Satellite, AM/FM CD/DVD, Sentry Key, Keyless Entry, Alarm, Dual Front Airbags, Passenger Sensor, Active Belts, All Wheel ABS, Retractable Roof Panel","Video Test Drive URL: https://youtu.be/GnntIFw-Fgc        Just the Basics:        * The body looks pretty decent with some upgraded fender flares, a deer slayer, and some spotlights.        * Drives really well despite the typical Jeep ''rough ride''        * 144k miles        * The tires don't have much tread left on them, but the spare is in good condition.        * The interior could use some cleaning and the windshield is cracked. Exhaust is a little louder.         * A couple lights on the dash, Radio inop-replacement suggested :)","https://cdn.frazerphotos.com/22489/22489_000004368_g4xttp9.jpg,https://cdn.frazerphotos.com/22489/22489_000004368_z28j3wt.jpg,https://cdn.frazerphotos.com/22489/22489_000004368_2puj21g.jpg,https://cdn.frazerphotos.com/22489/22489_000004368_v3fkc44.jpg,https://cdn.frazerphotos.com/22489/22489_000004368_1d7vxex.jpg,https://cdn.frazerphotos.com/22489/22489_000004368_trhnz52.jpg,https://cdn.frazerphotos.com/22489/22489_000004368_2z98bru.jpg,https://cdn.frazerphotos.com/22489/22489_000004368_cxwsy8t.jpg,https://cdn.frazerphotos.com/22489/22489_000004368_u0us5id.jpg,https://cdn.frazerphotos.com/22489/22489_000004368_gwulood.jpg,https://cdn.frazerphotos.com/22489/22489_000004368_tfgb17p.jpg"
